S. No.,Customer Id,Sex,Age,Profile,Store,Product Id,Product Type,Model ID,Product Model,Model Age,RAM,Processor,Graphic,Battery,Price,Offer Number,Country,Area,City,Month,Year
1,10001,m,25,J,S,1,Laptop,11,Inspiron 15 3000,,4,3,0,40,"34,089.00",,1,1,1,December,2013
2,10002,f,20,S,O,1,Laptop,14,Precision 5520,,16,7,8,56,"2,00,000.00",,1,1,1,July,2013
3,10003,m,34,J,O,1,Laptop,13,XPS 9370,,8,5,4,52,"98,990.00",,1,2,4,December,2013
4,10004,f,18,S,S,3,Gaming,31,Alienware 15,,16,7,8,68,"1,37,890.00",,2,4,10,July,2013
5,10005,f,19,S,O,1,Laptop,11,Inspiron 15 3000,,4,3,0,40,"34,089.00",,1,3,7,August,2013
6,10006,f,19,S,O,1,Laptop,11,Inspiron 15 3000,,4,3,0,40,"34,089.00",,3,6,17,May,2013
7,10007,m,18,S,O,3,Gaming,31,Alienware 15,,16,7,8,68,"1,37,890.00",,3,6,16,July,2013
8,10008,m,20,B,S,4,Server,42,PowerVault RD1000,,,,,,"74,130.00",,1,1,1,August,2013
9,10009,f,28,B,O,4,Server,41,PowerEdge R230,,,,,,"82,900.00",,3,7,19,December,2013
10,10010,m,29,J,O,1,Laptop,11,Inspiron 15 3000,,4,3,0,40,"34,089.00",,2,4,10,December,2013
11,10011,f,35,B,S,4,Server,42,PowerVault RD1000,,,,,,"74,130.00",,3,8,22,April,2013
12,10012,m,35,J,S,1,Laptop,11,Inspiron 15 3000,,4,3,0,40,"34,089.00",,3,5,13,October,2013
13,10013,m,38,B,O,4,Server,41,PowerEdge R230,,,,,,"82,900.00",,3,7,19,April,2013
14,10014,m,50,J,S,1,Laptop,14,Precision 5520,,16,7,8,56,"2,00,000.00",,1,1,2,December,2013
15,10015,f,54,B,O,4,Server,41,PowerEdge R230,,,,,,"82,900.00",,2,4,10,July,2013
16,10016,f,21,S,O,1,Laptop,11,Inspiron 15 3000,,4,3,0,40,"34,089.00",,1,2,4,July,2013
17,10017,f,30,N,O,1,Laptop,11,Inspiron 15 3000,,4,3,0,40,"34,089.00",,2,5,13,October,2013
18,10018,f,18,S,S,1,Laptop,11,Inspiron 15 3000,,4,3,0,40,"34,089.00",,3,6,16,July,2013
19,10019,m,17,S,O,3,Gaming,31,Alienware 15,,16,7,8,68,"1,37,890.00",,3,8,22,August,2013
20,10020,f,25,J,O,1,Laptop,14,Precision 5520,,16,7,8,56,"2,00,000.00",,1,3,7,December,2013
21,10021,m,30,B,S,4,Server,41,PowerEdge R230,,,,,,"82,900.00",,3,8,22,April,2013
22,10022,m,31,J,O,1,Laptop,11,Inspiron 15 3000,,4,3,0,40,"34,089.00",,1,1,2,October,2013
23,10023,f,25,J,S,1,Laptop,11,Inspiron 15 3000,,4,3,0,40,"34,089.00",,1,1,3,December,2013
24,10024,f,29,J,S,1,Laptop,14,Precision 5520,,16,7,8,56,"2,00,000.00",,2,4,12,October,2013
25,10025,f,60,N,O,2,Desktop,21,Inspiron 24 3000,,8,5,2,0,"41,690.00",,3,6,16,July,2013
26,10026,m,62,N,S,2,Desktop,22,Inspiron 27 7000,,8,7,4,0,"97,290.00",,2,5,13,December,2013
27,10027,m,60,N,S,2,Desktop,22,Inspiron 27 7000,,8,7,4,0,"97,290.00",,1,1,1,October,2013
28,10028,f,23,S,O,1,Laptop,11,Inspiron 15 3000,,4,3,0,40,"34,089.00",,2,7,19,May,2013
29,10029,f,24,S,O,1,Laptop,11,Inspiron 15 3000,,4,3,0,40,"34,089.00",,2,5,13,August,2013
30,10030,f,38,B,O,4,Server,41,PowerEdge R230,,,,,,"82,900.00",,3,8,22,December,2013
31,10031,m,21,S,O,3,Gaming,31,Alienware 15,,16,7,8,68,"1,37,890.00",,3,8,22,July,2013
32,10032,f,45,J,S,1,Laptop,11,Inspiron 15 3000,,4,3,0,40,"34,089.00",,3,6,16,November,2013
33,10033,m,26,J,O,1,Laptop,11,Inspiron 15 3000,,4,3,0,40,"34,089.00",,1,3,7,December,2013
34,10034,f,24,J,O,1,Laptop,13,XPS 9370,,8,5,4,52,"98,990.00",,2,4,12,December,2013
35,10035,m,22,S,O,1,Laptop,11,Inspiron 15 3000,,4,3,0,40,"34,089.00",,1,3,7,October,2013
36,10036,m,20,S,O,1,Laptop,11,Inspiron 15 3000,,4,3,0,40,"34,089.00",,3,7,19,August,2013
37,10037,m,17,S,S,3,Gaming,31,Alienware 15,,16,7,8,68,"1,37,890.00",,3,8,22,July,2013
38,10038,f,16,S,O,3,Gaming,31,Alienware 15,,16,7,8,68,"1,37,890.00",,2,5,14,May,2013
39,10039,f,29,J,O,1,Laptop,13,XPS 9370,,8,5,4,52,"98,990.00",,1,2,4,December,2013
40,10040,f,39,N,S,2,Desktop,22,Inspiron 27 7000,,8,7,4,0,"97,290.00",,3,7,19,October,2013
41,10041,f,56,B,S,1,Laptop,14,Precision 5520,,16,7,8,56,"2,00,000.00",,2,5,14,December,2013
42,10042,m,34,B,O,3,Gaming,31,Alienware 15,,16,7,8,68,"1,37,890.00",,1,2,4,April,2013
43,10043,m,45,J,S,1,Laptop,11,Inspiron 15 3000,,4,3,0,40,"34,089.00",,3,6,17,December,2013
44,10044,m,60,N,O,2,Desktop,21,Inspiron 24 3000,,8,5,2,0,"41,690.00",,3,7,19,November,2013
45,10045,m,75,N,S,2,Desktop,21,Inspiron 24 3000,,8,5,2,0,"41,690.00",,2,4,12,March,2013
46,10046,m,18,S,O,3,Gaming,31,Alienware 15,,16,7,8,68,"1,37,890.00",,3,6,17,July,2013
47,10047,m,23,S,S,1,Laptop,13,XPS 9370,,8,5,4,52,"98,990.00",,1,2,5,August,2013
48,10048,m,35,J,S,1,Laptop,13,XPS 9370,,8,5,4,52,"98,990.00",,1,1,1,July,2013
49,10049,f,28,B,O,4,Server,41,PowerEdge R230,,,,,,"82,900.00",,2,5,15,November,2013
50,10050,f,49,B,O,4,Server,42,PowerVault RD1000,,,,,,"74,130.00",,3,8,22,June,2013
51,10051,m,23,J,O,1,Laptop,11,Inspiron 15 3000,,4,3,0,40,"34,089.00",,1,3,8,December,2013
52,10052,m,26,J,O,1,Laptop,11,Inspiron 15 3000,,4,3,0,40,"34,089.00",,1,2,6,October,2013
53,10053,f,25,J,O,1,Laptop,11,Inspiron 15 3000,,4,3,0,40,"34,089.00",,2,4,11,November,2013
54,10054,f,23,J,O,1,Laptop,13,XPS 9370,,8,5,4,52,"98,990.00",,2,4,11,October,2013
55,10055,f,65,N,S,2,Desktop,21,Inspiron 24 3000,,8,5,2,0,"41,690.00",,3,7,19,October,2013
56,10056,m,50,N,S,1,Laptop,11,Inspiron 15 3000,,4,3,0,40,"34,089.00",,2,5,15,December,2013
57,10057,f,54,B,S,4,Server,41,PowerEdge R230,,,,,,"82,900.00",,2,4,11,July,2013
58,10058,m,19,S,O,1,Laptop,11,Inspiron 15 3000,,4,3,0,40,"34,089.00",,3,6,18,August,2013
59,10059,m,24,S,O,1,Laptop,11,Inspiron 15 3000,,4,3,0,40,"34,089.00",,1,1,2,May,2013
60,10060,m,60,N,S,2,Desktop,21,Inspiron 24 3000,,8,5,2,0,"41,690.00",,3,8,23,November,2013
61,10061,f,63,N,S,2,Desktop,22,Inspiron 27 7000,,8,7,4,0,"97,290.00",,2,5,13,December,2013
62,10062,m,65,N,S,2,Desktop,21,Inspiron 24 3000,,8,5,2,0,"41,690.00",,3,6,16,October,2013
63,10063,m,44,B,O,1,Laptop,14,Precision 5520,,16,7,8,56,"2,00,000.00",,1,1,3,October,2013
64,10064,m,22,S,S,1,Laptop,13,XPS 9370,,8,5,4,52,"98,990.00",,1,2,6,July,2013
65,10065,f,33,B,O,1,Laptop,13,XPS 9370,,8,5,4,52,"98,990.00",,2,5,13,June,2013
66,10066,f,21,J,O,3,Gaming,31,Alienware 15,,16,7,8,68,"1,37,890.00",,3,7,19,December,2013
67,10067,m,20,S,O,1,Laptop,11,Inspiron 15 3000,,4,3,0,40,"34,089.00",,1,3,8,August,2013
68,10068,m,19,S,O,2,Desktop,22,Inspiron 27 7000,,8,7,4,0,"97,290.00",,3,7,19,August,2013
69,10069,m,32,B,S,4,Server,42,PowerVault RD1000,,,,,,"74,130.00",,3,7,19,July,2013
70,10070,m,38,J,S,1,Laptop,11,Inspiron 15 3000,,4,3,0,40,"34,089.00",,2,4,10,December,2013
71,10071,f,30,J,O,1,Laptop,14,Precision 5520,,16,7,8,56,"2,00,000.00",,2,4,10,October,2013
72,10072,m,35,J,O,1,Laptop,13,XPS 9370,,8,5,4,52,"98,990.00",,1,3,9,November,2013
73,10073,f,67,B,S,4,Server,41,PowerEdge R230,,,,,,"82,900.00",,2,4,12,June,2013
74,10074,m,50,B,S,4,Server,42,PowerVault RD1000,,,,,,"74,130.00",,3,6,16,July,2013
75,10075,f,20,S,O,1,Laptop,11,Inspiron 15 3000,,4,3,0,40,"34,089.00",,2,5,13,August,2013
76,10076,m,15,S,O,3,Gaming,31,Alienware 15,,16,7,8,68,"1,37,890.00",,3,8,23,August,2013
77,10077,m,32,J,O,1,Laptop,13,XPS 9370,,8,5,4,52,"98,990.00",,1,1,3,December,2013
78,10078,m,55,B,S,4,Server,41,PowerEdge R230,,,,,,"82,900.00",,3,8,23,October,2013
79,10079,f,49,J,O,1,Laptop,13,XPS 9370,,8,5,4,52,"98,990.00",,1,2,6,November,2013
80,10080,f,77,N,S,1,Laptop,11,Inspiron 15 3000,,4,3,0,40,"34,089.00",,1,2,5,December,2013
81,10081,m,77,N,O,2,Desktop,21,Inspiron 24 3000,,8,5,2,0,"41,690.00",,1,3,9,November,2013
82,10082,m,23,J,O,1,Laptop,11,Inspiron 15 3000,,4,3,0,40,"34,089.00",,2,4,10,November,2013
83,10083,m,17,S,O,3,Gaming,31,Alienware 15,,16,7,8,68,"1,37,890.00",,2,4,10,August,2013
84,10084,f,16,S,S,3,Gaming,31,Alienware 15,,16,7,8,68,"1,37,890.00",,3,8,23,May,2013
85,10085,m,30,B,O,4,Server,42,PowerVault RD1000,,,,,,"74,130.00",,3,6,16,April,2013
86,10086,m,40,J,S,1,Laptop,11,Inspiron 15 3000,,4,3,0,40,"34,089.00",,2,5,14,December,2013
87,10087,f,50,B,O,1,Laptop,13,XPS 9370,,8,5,4,52,"98,990.00",,2,5,14,January,2013
88,10088,f,60,B,S,4,Server,42,PowerVault RD1000,,,,,,"74,130.00",,3,7,20,April,2013
89,10089,m,31,J,O,1,Laptop,11,Inspiron 15 3000,,4,3,0,40,"34,089.00",,2,4,10,October,2013
90,10090,m,22,S,O,1,Laptop,11,Inspiron 15 3000,,4,3,0,40,"34,089.00",,2,4,10,August,2013
91,10091,m,49,J,S,1,Laptop,13,XPS 9370,,8,5,4,52,"98,990.00",,2,5,14,October,2013
92,10092,f,21,J,S,1,Laptop,11,Inspiron 15 3000,,4,3,0,40,"34,089.00",,1,1,2,August,2013
93,10093,f,16,S,O,2,Desktop,21,Inspiron 24 3000,,8,5,2,0,"41,690.00",,1,1,2,July,2013
94,10094,f,18,S,O,1,Laptop,11,Inspiron 15 3000,,4,3,0,40,"34,089.00",,1,2,5,December,2013
95,10095,f,50,J,S,1,Laptop,11,Inspiron 15 3000,,4,3,0,40,"34,089.00",,1,3,7,November,2013
96,10096,m,23,S,O,3,Gaming,31,Alienware 15,,16,7,8,68,"1,37,890.00",,3,8,24,October,2013
97,10097,f,20,S,O,1,Laptop,11,Inspiron 15 3000,,4,3,0,40,"34,089.00",,1,3,8,May,2013
98,10098,m,18,S,O,1,Laptop,11,Inspiron 15 3000,,4,3,0,40,"34,089.00",,1,2,4,July,2013
99,10099,m,17,S,O,2,Desktop,21,Inspiron 24 3000,,8,5,2,0,"41,690.00",,2,4,11,August,2013
100,10100,f,16,S,S,1,Laptop,11,Inspiron 15 3000,,4,3,0,40,"34,089.00",,3,8,24,May,2013
101,10101,f,16,S,O,3,Gaming,31,Alienware 15,,16,7,8,68,"1,37,890.00",,3,6,17,July,2014
102,10102,m,20,S,O,1,Laptop,11,Inspiron 15 3000,,4,3,0,40,"34,089.00",,3,6,18,July,2014
103,10103,f,76,N,S,2,Desktop,21,Inspiron 24 3000,,8,5,2,0,"41,690.00",,2,4,12,October,2014
104,10104,f,54,B,S,4,Server,42,PowerVault RD1000,,,,,,"74,130.00",,3,8,24,November,2014
105,10105,f,33,B,O,4,Server,41,PowerEdge R230,,,,,,"82,900.00",,3,7,20,May,2014
106,10106,m,21,J,O,1,Laptop,11,Inspiron 15 3000,,4,3,0,40,"34,089.00",,1,1,1,October,2014
107,10107,m,40,J,O,1,Laptop,13,XPS 9370,,8,5,4,52,"98,990.00",,1,3,8,September,2014
108,10108,m,55,J,S,1,Laptop,14,Precision 5520,,16,7,8,56,"2,00,000.00",,1,2,4,October,2014
109,10109,m,67,N,S,2,Desktop,22,Inspiron 27 7000,,8,7,4,0,"97,290.00",,2,5,15,November,2014
110,10110,m,18,S,O,1,Laptop,11,Inspiron 15 3000,,4,3,0,40,"34,089.00",,3,7,20,July,2014
111,10111,f,34,J,S,1,Laptop,13,XPS 9370,,8,5,4,52,"98,990.00",,1,3,9,October,2014
112,10112,m,32,B,O,4,Server,42,PowerVault RD1000,,,,,,"74,130.00",,3,8,24,April,2014
113,10113,f,20,J,O,1,Laptop,11,Inspiron 15 3000,,4,3,0,40,"34,089.00",,2,5,15,November,2014
114,10114,m,29,B,O,2,Desktop,22,Inspiron 27 7000,,8,7,4,0,"97,290.00",,3,7,20,December,2014
115,10115,f,24,N,S,2,Desktop,21,Inspiron 24 3000,,8,5,2,0,"41,690.00",,3,6,18,October,2014
116,10116,m,35,J,O,1,Laptop,11,Inspiron 15 3000,,4,3,0,40,"34,089.00",,2,4,12,July,2014
117,10117,m,39,N,O,2,Desktop,21,Inspiron 24 3000,,8,5,2,0,"41,690.00",,1,2,4,November,2014
118,10118,f,45,B,O,4,Server,41,PowerEdge R230,,,,,,"82,900.00",,3,6,18,April,2014
119,10119,f,33,J,O,1,Laptop,14,Precision 5520,,16,7,8,56,"2,00,000.00",,2,5,15,October,2014
120,10120,m,22,S,O,3,Gaming,31,Alienware 15,,16,7,8,68,"1,37,890.00",,3,7,21,July,2014
121,10121,m,45,J,S,1,Laptop,13,XPS 9370,,8,5,4,52,"98,990.00",,2,5,15,November,2014
122,10122,m,65,B,S,4,Server,42,PowerVault RD1000,,,,,,"74,130.00",,2,4,11,October,2014
123,10123,f,70,N,S,1,Laptop,11,Inspiron 15 3000,,4,3,0,40,"34,089.00",,3,8,24,October,2014
124,10124,f,30,B,S,4,Server,41,PowerEdge R230,,,,,,"82,900.00",,2,4,10,December,2014
125,10125,f,25,J,O,1,Laptop,11,Inspiron 15 3000,,4,3,0,40,"34,089.00",,1,1,1,November,2014
126,10126,f,21,S,S,1,Laptop,11,Inspiron 15 3000,,4,3,0,40,"34,089.00",,1,1,1,July,2014
127,10127,m,18,S,O,3,Gaming,31,Alienware 15,,16,7,8,68,"1,37,890.00",,3,6,17,August,2014
128,10128,m,40,B,O,4,Server,42,PowerVault RD1000,,,,,,"74,130.00",,3,7,21,October,2014
129,10129,f,46,N,O,2,Desktop,22,Inspiron 27 7000,,8,7,4,0,"97,290.00",,2,4,10,December,2014
130,10130,m,75,N,O,2,Desktop,21,Inspiron 24 3000,,8,5,2,0,"41,690.00",,3,8,24,November,2014
131,10131,f,17,S,S,2,Desktop,22,Inspiron 27 7000,,8,7,4,0,"97,290.00",,2,4,10,July,2014
132,10132,m,50,N,O,1,Laptop,11,Inspiron 15 3000,,4,3,0,40,"34,089.00",,1,2,5,October,2014
133,10133,f,40,B,S,2,Desktop,22,Inspiron 27 7000,,8,7,4,0,"97,290.00",,3,8,23,November,2014
134,10134,f,23,J,O,1,Laptop,11,Inspiron 15 3000,,4,3,0,40,"34,089.00",,1,2,6,October,2014
135,10135,m,67,B,S,4,Server,41,PowerEdge R230,,,,,,"82,900.00",,3,8,23,October,2014
136,10136,m,50,B,S,4,Server,42,PowerVault RD1000,,,,,,"74,130.00",,2,5,14,April,2014
137,10137,f,40,J,S,1,Laptop,14,Precision 5520,,16,7,8,56,"2,00,000.00",,3,8,23,July,2014
138,10138,m,35,J,O,3,Gaming,31,Alienware 15,,16,7,8,68,"1,37,890.00",,2,7,21,September,2014
139,10139,f,28,J,O,1,Laptop,14,Precision 5520,,16,7,8,56,"2,00,000.00",,1,3,7,November,2014
140,10140,m,20,S,O,1,Laptop,11,Inspiron 15 3000,,4,3,0,40,"34,089.00",,1,1,2,August,2014
141,10141,f,15,S,O,3,Gaming,31,Alienware 15,,16,7,8,68,"1,37,890.00",,2,5,14,August,2014
142,10142,f,34,J,O,1,Laptop,13,XPS 9370,,8,5,4,52,"98,990.00",,1,3,7,September,2014
143,10143,f,19,S,O,3,Gaming,31,Alienware 15,,16,7,8,68,"1,37,890.00",,2,5,14,July,2014
144,10144,m,55,B,S,4,Server,42,PowerVault RD1000,,,,,,"74,130.00",,3,7,21,October,2014
145,10145,m,66,N,S,2,Desktop,22,Inspiron 27 7000,,8,7,4,0,"97,290.00",,3,6,17,October,2014
146,10146,m,39,B,O,4,Server,41,PowerEdge R230,,,,,,"82,900.00",,2,6,16,July,2014
147,10147,f,21,S,O,1,Laptop,11,Inspiron 15 3000,,4,3,0,40,"34,089.00",,2,4,11,August,2014
148,10148,m,31,J,S,1,Laptop,14,Precision 5520,,16,7,8,56,"2,00,000.00",,2,5,14,December,2014
149,10149,f,37,J,S,1,Laptop,13,XPS 9370,,8,5,4,52,"98,990.00",,1,2,5,November,2014
150,10150,m,27,B,S,2,Desktop,22,Inspiron 27 7000,,8,7,4,0,"97,290.00",,1,1,3,October,2014
151,10151,f,17,S,O,3,Gaming,31,Alienware 15,,16,7,8,68,"1,37,890.00",,2,4,11,August,2014
152,10152,m,16,S,O,2,Desktop,22,Inspiron 27 7000,,8,7,4,0,"97,290.00",,1,2,4,September,2014
153,10153,f,18,S,S,1,Laptop,14,Precision 5520,,16,7,8,56,"2,00,000.00",,2,5,14,July,2014
154,10154,f,40,J,O,3,Gaming,31,Alienware 15,,16,7,8,68,"1,37,890.00",,2,5,13,August,2014
155,10155,f,42,B,O,4,Server,41,PowerEdge R230,,,,,,"82,900.00",,3,6,16,April,2014
156,10156,m,56,B,O,4,Server,42,PowerVault RD1000,,,,,,"74,130.00",,2,4,11,May,2014
157,10157,m,19,S,O,1,Laptop,11,Inspiron 15 3000,,4,3,0,40,"34,089.00",,3,8,23,July,2014
158,10158,m,20,S,S,1,Laptop,11,Inspiron 15 3000,,4,3,0,40,"34,089.00",,1,2,4,September,2014
159,10159,f,29,J,O,1,Laptop,13,XPS 9370,,8,5,4,52,"98,990.00",,1,3,8,October,2014
160,10160,f,34,B,O,4,Server,41,PowerEdge R230,,,,,,"82,900.00",,3,8,22,April,2014
161,10161,m,31,B,S,4,Server,42,PowerVault RD1000,,,,,,"74,130.00",,3,7,21,May,2014
162,10162,m,43,J,S,3,Gaming,31,Alienware 15,,16,7,8,68,"1,37,890.00",,2,5,13,September,2014
163,10163,f,46,B,O,2,Desktop,22,Inspiron 27 7000,,8,7,4,0,"97,290.00",,3,7,21,April,2014
164,10164,f,36,J,O,1,Laptop,14,Precision 5520,,16,7,8,56,"2,00,000.00",,1,3,9,October,2014
165,10165,m,31,J,O,1,Laptop,13,XPS 9370,,8,5,4,52,"98,990.00",,1,1,2,November,2014
166,10166,m,20,S,S,1,Laptop,11,Inspiron 15 3000,,4,3,0,40,"34,089.00",,1,1,3,August,2014
167,10167,f,60,B,S,4,Server,41,PowerEdge R230,,,,,,"82,900.00",,2,4,12,May,2014
168,10168,f,50,J,O,1,Laptop,14,Precision 5520,,16,7,8,56,"2,00,000.00",,1,3,22,August,2014
169,10169,m,45,J,S,1,Laptop,14,Precision 5520,,16,7,8,56,"2,00,000.00",,1,3,9,September,2014
170,10170,m,34,J,S,3,Gaming,31,Alienware 15,,16,7,8,68,"1,37,890.00",,1,2,4,July,2014
171,10171,f,56,B,S,2,Desktop,22,Inspiron 27 7000,,8,7,4,0,"97,290.00",,3,7,20,May,2014
172,10172,f,19,S,O,3,Gaming,31,Alienware 15,,16,7,8,68,"1,37,890.00",,3,6,16,August,2014
173,10173,m,22,S,O,1,Laptop,11,Inspiron 15 3000,,4,3,0,40,"34,089.00",,2,4,10,July,2014
174,10174,m,75,N,S,2,Desktop,22,Inspiron 27 7000,,8,7,4,0,"97,290.00",,3,8,22,September,2014
175,10175,f,60,N,O,1,Laptop,11,Inspiron 15 3000,,4,3,0,40,"34,089.00",,2,4,12,October,2014
176,10176,f,68,N,S,1,Laptop,11,Inspiron 15 3000,,4,3,0,40,"34,089.00",,2,5,13,November,2014
177,10177,m,65,N,S,2,Desktop,21,Inspiron 24 3000,,8,5,2,0,"41,690.00",,1,2,4,December,2014
178,10178,m,63,B,S,4,Server,42,PowerVault RD1000,,,,,,"74,130.00",,3,6,16,October,2014
179,10179,m,62,N,O,2,Desktop,22,Inspiron 27 7000,,8,7,4,0,"97,290.00",,3,8,22,September,2014
180,10180,f,77,N,O,2,Desktop,21,Inspiron 24 3000,,8,5,2,0,"41,690.00",,2,5,13,July,2014
181,10181,f,25,S,O,1,Laptop,13,XPS 9370,,8,5,4,52,"98,990.00",,1,1,1,August,2014
182,10182,f,44,J,O,1,Laptop,14,Precision 5520,,16,7,8,56,"2,00,000.00",,1,1,1,October,2014
183,10183,f,66,B,S,4,Server,41,PowerEdge R230,,,,,,"82,900.00",,3,7,19,May,2014
184,10184,m,77,N,S,1,Laptop,11,Inspiron 15 3000,,4,3,0,40,"34,089.00",,2,5,13,November,2014
185,10185,m,22,S,O,1,Laptop,11,Inspiron 15 3000,,4,3,0,40,"34,089.00",,2,4,11,July,2014
186,10186,m,20,S,O,1,Laptop,11,Inspiron 15 3000,,4,3,0,40,"34,089.00",,1,1,2,August,2014
187,10187,m,35,J,S,2,Desktop,21,Inspiron 24 3000,,8,5,2,0,"41,690.00",,1,3,8,December,2014
188,10188,f,34,J,S,1,Laptop,14,Precision 5520,,16,7,8,56,"2,00,000.00",,1,2,4,October,2014
189,10189,m,39,J,O,1,Laptop,13,XPS 9370,,8,5,4,52,"98,990.00",,1,3,9,July,2014
190,10190,f,29,B,O,4,Server,42,PowerVault RD1000,,,,,,"74,130.00",,3,8,22,April,2014
191,10191,m,20,S,O,1,Laptop,11,Inspiron 15 3000,,4,3,0,40,"34,089.00",,3,8,22,July,2014
192,10192,f,34,J,S,1,Laptop,13,XPS 9370,,8,5,4,52,"98,990.00",,2,5,13,December,2014
193,10193,f,56,J,S,2,Desktop,21,Inspiron 24 3000,,8,5,2,0,"41,690.00",,3,7,19,September,2014
194,10194,m,21,S,O,1,Laptop,11,Inspiron 15 3000,,4,3,0,40,"34,089.00",,1,3,8,July,2014
195,10195,m,70,N,S,2,Desktop,22,Inspiron 27 7000,,8,7,4,0,"97,290.00",,3,7,19,November,2014
196,10196,f,53,J,S,2,Desktop,21,Inspiron 24 3000,,8,5,2,0,"41,690.00",,2,4,11,October,2014
197,10197,f,51,B,O,4,Server,42,PowerVault RD1000,,,,,,"74,130.00",,3,6,17,April,2014
198,10198,m,34,B,O,4,Server,41,PowerEdge R230,,,,,,"82,900.00",,3,6,17,April,2014
199,10199,m,32,J,O,1,Laptop,13,XPS 9370,,8,5,4,52,"98,990.00",,1,2,5,November,2014
200,10200,m,19,S,O,1,Laptop,11,Inspiron 15 3000,,4,3,0,40,"34,089.00",,1,1,3,July,2014
201,10201,f,20,S,O,1,Laptop,11,Inspiron 15 3000,,4,3,0,40,"34,089.00",,1,1,2,July,2015
202,10202,m,21,S,O,1,Laptop,13,XPS 9370,,8,5,4,52,"98,990.00",,1,1,1,September,2015
203,10203,f,76,N,S,2,Desktop,21,Inspiron 24 3000,,8,5,2,0,"41,690.00",,2,5,13,December,2015
204,10204,m,65,N,S,2,Desktop,22,Inspiron 27 7000,,8,7,4,0,"97,290.00",,3,6,17,December,2015
205,10205,m,44,J,O,1,Laptop,14,Precision 5520,,16,7,8,56,"2,00,000.00",,2,4,11,September,2015
206,10206,m,33,B,O,4,Server,41,PowerEdge R230,,,,,,"82,900.00",,3,7,19,May,2015
207,10207,f,66,B,O,4,Server,42,PowerVault RD1000,,,,,,"74,130.00",,3,8,23,May,2015
208,10208,f,77,N,S,2,Desktop,22,Inspiron 27 7000,,8,7,4,0,"97,290.00",,2,4,10,December,2015
209,10209,f,21,J,S,1,Laptop,11,Inspiron 15 3000,,4,3,0,40,"34,089.00",,1,2,6,October,2015
210,10210,f,23,J,O,1,Laptop,11,Inspiron 15 3000,,4,3,0,40,"34,089.00",,1,2,6,November,2015
211,10211,m,19,S,O,3,Gaming,31,Alienware 15,,16,7,8,68,"1,37,890.00",,3,8,23,September,2015
212,10212,m,20,S,S,1,Laptop,11,Inspiron 15 3000,,4,3,0,40,"34,089.00",,2,5,15,July,2015
213,10213,f,67,B,O,4,Server,41,PowerEdge R230,,,,,,"82,900.00",,3,7,19,April,2015
214,10214,f,65,N,S,2,Desktop,21,Inspiron 24 3000,,8,5,2,0,"41,690.00",,2,4,10,December,2015
215,10215,m,45,B,S,2,Desktop,22,Inspiron 27 7000,,8,7,4,0,"97,290.00",,2,5,15,April,2015
216,10216,m,43,J,O,1,Laptop,14,Precision 5520,,16,7,8,56,"2,00,000.00",,1,3,7,July,2015
217,10217,f,23,J,O,3,Gaming,31,Alienware 15,,16,7,8,68,"1,37,890.00",,1,3,7,November,2015
218,10218,f,31,J,O,1,Laptop,13,XPS 9370,,8,5,4,52,"98,990.00",,3,6,18,December,2015
219,10219,m,71,B,S,4,Server,41,PowerEdge R230,,,,,,"82,900.00",,2,4,10,June,2015
220,10220,m,39,B,O,4,Server,42,PowerVault RD1000,,,,,,"74,130.00",,3,6,18,April,2015
221,10221,m,48,J,S,1,Laptop,14,Precision 5520,,16,7,8,56,"2,00,000.00",,2,5,15,July,2015
222,10222,f,28,J,O,1,Laptop,13,XPS 9370,,8,5,4,52,"98,990.00",,1,3,7,October,2015
223,10223,f,23,S,O,1,Laptop,11,Inspiron 15 3000,,4,3,0,40,"34,089.00",,1,3,7,July,2015
224,10224,f,21,S,O,1,Laptop,11,Inspiron 15 3000,,4,3,0,40,"34,089.00",,1,2,5,September,2015
225,10225,m,19,S,S,3,Gaming,31,Alienware 15,,16,7,8,68,"1,37,890.00",,3,7,19,September,2015
226,10226,f,16,S,O,2,Desktop,21,Inspiron 24 3000,,8,5,2,0,"41,690.00",,2,5,14,July,2015
227,10227,m,15,S,O,2,Desktop,22,Inspiron 27 7000,,8,7,4,0,"97,290.00",,3,8,23,August,2015
228,10228,f,20,S,O,1,Laptop,14,Precision 5520,,16,7,8,56,"2,00,000.00",,1,2,4,July,2015
229,10229,m,28,J,O,3,Gaming,31,Alienware 15,,16,7,8,68,"1,37,890.00",,3,8,23,October,2015
230,10230,m,27,J,S,1,Laptop,13,XPS 9370,,8,5,4,52,"98,990.00",,1,1,1,November,2015
231,10231,f,26,J,O,1,Laptop,11,Inspiron 15 3000,,4,3,0,40,"34,089.00",,1,1,2,November,2015
232,10232,f,52,N,O,2,Desktop,21,Inspiron 24 3000,,8,5,2,0,"41,690.00",,3,7,19,November,2015
233,10233,f,56,B,S,4,Server,41,PowerEdge R230,,,,,,"82,900.00",,2,4,10,April,2015
234,10234,m,34,B,S,4,Server,41,PowerEdge R230,,,,,,"82,900.00",,3,6,17,May,2015
235,10235,m,39,J,O,2,Desktop,22,Inspiron 27 7000,,8,7,4,0,"97,290.00",,3,7,19,July,2015
236,10236,f,38,J,S,1,Laptop,14,Precision 5520,,16,7,8,56,"2,00,000.00",,2,5,14,December,2015
237,10237,m,43,B,S,2,Desktop,22,Inspiron 27 7000,,8,7,4,0,"97,290.00",,2,5,14,April,2015
238,10238,f,41,B,O,2,Desktop,21,Inspiron 24 3000,,8,5,2,0,"41,690.00",,1,1,3,June,2015
239,10239,m,46,J,S,1,Laptop,14,Precision 5520,,16,7,8,56,"2,00,000.00",,1,1,3,December,2015
240,10240,f,67,B,S,4,Server,41,PowerEdge R230,,,,,,"82,900.00",,3,8,24,May,2015
241,10241,f,65,B,S,4,Server,42,PowerVault RD1000,,,,,,"74,130.00",,1,2,4,April,2015
242,10242,f,61,N,S,1,Laptop,14,Precision 5520,,16,7,8,56,"2,00,000.00",,1,2,4,November,2015
243,10243,m,31,J,O,1,Laptop,11,Inspiron 15 3000,,4,3,0,40,"34,089.00",,2,4,10,October,2015
244,10244,m,42,J,O,3,Gaming,31,Alienware 15,,16,7,8,68,"1,37,890.00",,3,8,24,August,2015
245,10245,m,77,N,S,2,Desktop,21,Inspiron 24 3000,,8,5,2,0,"41,690.00",,3,7,20,November,2015
246,10246,f,60,B,S,2,Desktop,22,Inspiron 27 7000,,8,7,4,0,"97,290.00",,2,5,15,April,2015
247,10247,m,65,N,S,1,Laptop,13,XPS 9370,,8,5,4,52,"98,990.00",,1,3,8,November,2015
248,10248,f,62,B,S,2,Desktop,21,Inspiron 24 3000,,8,5,2,0,"41,690.00",,1,3,8,May,2015
249,10249,m,24,J,O,1,Laptop,11,Inspiron 15 3000,,4,3,0,40,"34,089.00",,1,3,8,December,2015
250,10250,m,46,J,O,2,Desktop,22,Inspiron 27 7000,,8,7,4,0,"97,290.00",,2,4,10,December,2015
251,10251,m,54,B,O,4,Server,42,PowerVault RD1000,,,,,,"74,130.00",,1,4,10,May,2015
252,10252,f,41,B,O,4,Server,41,PowerEdge R230,,,,,,"82,900.00",,3,6,17,April,2015
253,10253,f,22,J,O,1,Laptop,11,Inspiron 15 3000,,4,3,0,40,"34,089.00",,3,6,16,October,2015
254,10254,f,21,S,S,1,Laptop,11,Inspiron 15 3000,,4,3,0,40,"34,089.00",,2,5,13,July,2015
255,10255,f,20,S,O,3,Gaming,31,Alienware 15,,16,7,8,68,"1,37,890.00",,3,8,24,September,2015
256,10256,m,17,S,O,2,Desktop,21,Inspiron 24 3000,,8,5,2,0,"41,690.00",,3,7,20,August,2015
257,10257,f,45,N,S,1,Laptop,14,Precision 5520,,16,7,8,56,"2,00,000.00",,2,5,13,November,2015
258,10258,m,44,B,O,4,Server,41,PowerEdge R230,,,,,,"82,900.00",,2,4,10,May,2015
259,10259,f,23,S,O,1,Laptop,11,Inspiron 15 3000,,,,,,"34,089.00",,1,2,5,July,2015
260,10260,m,29,J,S,1,Laptop,14,Precision 5520,,16,7,8,56,"2,00,000.00",,1,2,6,November,2015
261,10261,f,31,J,O,1,Laptop,14,Precision 5520,,16,7,8,56,"2,00,000.00",,1,2,5,December,2015
262,10262,m,36,B,S,4,Server,42,PowerVault RD1000,,,,,,"74,130.00",,3,8,24,May,2015
263,10263,f,37,J,O,2,Desktop,22,Inspiron 27 7000,,8,7,4,0,"97,290.00",,1,1,1,November,2015
264,10264,m,45,J,O,1,Laptop,13,XPS 9370,,8,5,4,52,"98,990.00",,1,1,1,December,2015
265,10265,m,49,B,O,2,Desktop,22,Inspiron 27 7000,,,,,,"97,290.00",,3,7,21,April,2015
266,10266,f,14,S,S,3,Gaming,31,Alienware 15,,16,7,8,68,"1,37,890.00",,3,6,16,August,2015
267,10267,f,20,S,S,1,Laptop,11,Inspiron 15 3000,,4,3,0,40,"34,089.00",,2,4,10,July,2015
268,10268,f,60,N,O,2,Desktop,22,Inspiron 27 7000,,8,7,4,0,"97,290.00",,2,5,14,October,2015
269,10269,f,64,B,S,4,Server,41,PowerEdge R230,,,,,,"82,900.00",,2,5,14,May,2015
270,10270,m,67,N,S,2,Desktop,21,Inspiron 24 3000,,8,5,2,0,"41,690.00",,2,4,10,October,2015
271,10271,f,34,J,O,1,Laptop,14,Precision 5520,,16,7,8,56,"2,00,000.00",,3,6,16,October,2015
272,10272,m,39,J,O,1,Laptop,13,XPS 9370,,8,5,4,52,"98,990.00",,1,1,2,July,2015
273,10273,f,30,B,S,4,Server,42,PowerVault RD1000,,,,,,"74,130.00",,3,7,20,April,2015
274,10274,m,50,B,O,4,Server,42,PowerVault RD1000,,,,,,"74,130.00",,2,4,12,May,2015
275,10275,m,59,J,O,1,Laptop,13,XPS 9370,,8,5,4,52,"98,990.00",,2,4,11,August,2015
276,10276,f,51,J,S,2,Desktop,22,Inspiron 27 7000,,8,7,4,0,"97,290.00",,3,8,24,August,2015
277,10277,m,31,J,O,1,Laptop,13,XPS 9370,,8,5,4,52,"98,990.00",,1,2,4,November,2015
278,10278,f,30,J,O,1,Laptop,11,Inspiron 15 3000,,4,3,0,40,"34,089.00",,1,3,9,October,2015
279,10279,m,37,B,O,4,Server,41,PowerEdge R230,,,,,,"82,900.00",,1,1,3,May,2015
280,10280,m,76,N,S,1,Laptop,11,Inspiron 15 3000,,4,3,0,40,"34,089.00",,2,5,14,October,2015
281,10281,f,54,B,S,2,Desktop,22,Inspiron 27 7000,,8,7,4,0,"97,290.00",,2,5,15,May,2015
282,10282,f,55,J,S,1,Laptop,13,XPS 9370,,8,5,4,52,"98,990.00",,3,8,23,July,2015
283,10283,f,30,B,O,4,Server,41,PowerEdge R230,,,,,,"82,900.00",,3,7,20,April,2015
284,10284,m,19,S,O,3,Gaming,31,Alienware 15,,16,7,8,68,"1,37,890.00",,3,6,18,September,2015
285,10285,f,18,S,O,1,Laptop,11,Inspiron 15 3000,,4,3,0,40,"34,089.00",,2,4,11,August,2015
286,10286,m,22,S,O,1,Laptop,11,Inspiron 15 3000,,4,3,0,40,"34,089.00",,1,1,2,August,2015
287,10287,m,25,J,S,1,Laptop,11,Inspiron 15 3000,,4,3,0,40,"34,089.00",,1,2,4,December,2015
288,10288,m,52,B,O,4,Server,42,PowerVault RD1000,,,,,,"74,130.00",,3,6,23,May,2015
289,10289,f,27,B,O,2,Desktop,21,Inspiron 24 3000,,8,5,2,0,"41,690.00",,2,5,15,June,2015
290,10290,m,28,J,O,1,Laptop,13,XPS 9370,,8,5,4,52,"98,990.00",,1,3,9,November,2015
291,10291,f,72,N,S,2,Desktop,21,Inspiron 24 3000,,8,5,2,0,"41,690.00",,3,7,20,October,2015
292,10292,m,29,J,S,1,Laptop,13,XPS 9370,,,,,,"98,990.00",,1,1,3,October,2015
293,10293,f,18,S,O,3,Gaming,31,Alienware 15,,16,7,8,68,"1,37,890.00",,3,8,23,July,2015
294,J,f,56,K,S,1,Laptop,14,Precision 5520,,16,7,8,56,"2,00,000.00",,1,2,4,November,2015
295,10295,f,54,B,S,4,Server,42,PowerVault RD1000,,,,,,"74,130.00",,2,5,15,May,2015
296,10296,m,77,N,S,2,Desktop,22,Inspiron 27 7000,,8,7,4,0,"97,290.00",,2,5,15,October,2015
297,10297,m,53,J,S,3,Gaming,31,Alienware 15,,16,7,8,68,"1,37,890.00",,3,8,23,October,2015
298,10298,m,59,B,S,4,Server,42,PowerVault RD1000,,,,,,"74,130.00",,3,7,21,April,2015
299,10299,m,43,B,O,4,Server,41,PowerEdge R230,,,,,,"82,900.00",,2,4,12,May,2015
300,10300,f,20,S,O,1,Laptop,11,Inspiron 15 3000,,4,3,0,40,"34,089.00",,2,4,11,August,2015
301,10001,m,28,J,S,1,Laptop,13,XPS 9370,,8,5,4,52,"98,990.00",,1,1,1,October,2016
302,10002,f,23,J,O,1,Laptop,13,XPS 9370,,8,5,4,52,"98,990.00",,1,1,2,October,2016
303,10003,m,37,J,O,1,Laptop,14,Precision 5521,,16,7,8,56,"2,00,000.00",,1,2,4,September,2016
304,10004,f,21,S,S,1,Laptop,13,XPS 9370,,8,5,4,52,"98,990.00",,2,4,11,September,2016
305,10005,f,22,S,O,1,Laptop,14,Precision 5521,,16,7,8,56,"2,00,000.00",,1,3,9,September,2016
306,10006,f,22,S,O,1,Laptop,111,Inspiron 15 3000,,4,3,0,40,"26,000.00",,3,6,17,September,2016
307,10007,m,21,S,O,1,Laptop,14,Precision 5520,,16,7,8,56,"2,00,000.00",,3,6,17,September,2016
308,10008,m,23,B,S,4,Server,42,PowerVault RD1000,,,,,,"74,130.00",,1,1,3,April,2016
309,10009,f,31,B,O,4,Server,42,PowerVault RD1001,,,,,,"74,130.00",,3,7,21,April,2016
310,10010,m,32,J,O,1,Laptop,12,Inspiron 15 7572,,8,5,2,42,"62,989.00",,2,4,10,October,2016
311,10011,f,38,B,S,4,Server,41,PowerEdge R230,,,,,,"82,900.00",,3,8,22,April,2016
312,10012,m,38,J,S,2,Desktop,22,Inspiron 27 7000,,8,7,4,0,"97,290.00",,2,5,15,October,2016
313,10013,m,41,B,O,4,Server,41,PowerEdge R230,,,,,,"82,900.00",,3,7,20,April,2016
314,10014,m,53,J,S,2,Desktop,22,Inspiron 27 7000,,8,7,4,0,"97,290.00",,1,1,2,October,2016
315,10015,f,57,B,O,4,Server,41,PowerEdge R230,,,,,,"82,900.00",,2,4,10,April,2016
316,10016,f,24,J,O,1,Laptop,12,Inspiron 15 7572,,8,5,2,42,"62,989.00",,1,2,4,October,2016
317,10017,f,33,B,O,2,Desktop,22,Inspiron 27 7000,,8,7,4,0,"97,290.00",,2,5,15,April,2016
318,10018,f,21,J,S,1,Laptop,12,Inspiron 15 7572,,8,5,2,42,"62,989.00",,3,6,17,October,2016
319,10019,m,20,S,O,1,Laptop,13,XPS 9370,,8,5,4,52,"98,990.00",,3,8,23,September,2016
320,10020,f,28,J,O,2,Desktop,22,Inspiron 27 7000,,8,7,4,0,"97,290.00",,1,3,8,October,2016
321,10021,m,33,B,S,4,Server,41,PowerEdge R230,,,,,,"82,900.00",,3,8,23,April,2016
322,10022,m,34,J,O,1,Laptop,12,Inspiron 15 7571,,8,5,2,42,"62,989.00",,1,1,1,October,2016
323,10023,f,28,J,S,1,Laptop,13,XPS 9370,,8,5,4,52,"98,990.00",,1,1,1,October,2016
324,10024,f,32,J,S,3,Gaming,31,Alienware 15,,16,7,8,68,"1,37,890.00",,2,4,10,October,2016
325,10025,f,63,N,O,1,Laptop,111,Inspiron 15 3000,,4,3,0,40,"26,000.00",,3,6,18,October,2016
326,10026,m,65,N,S,1,Laptop,12,Inspiron 15 7572,,8,5,2,42,"62,989.00",,2,5,14,September,2016
327,10027,m,63,N,S,1,Laptop,12,Inspiron 15 7572,,8,5,2,42,"62,989.00",,1,1,2,November,2016
328,10028,f,26,J,O,1,Laptop,13,XPS 9370,,8,5,4,52,"98,990.00",,2,7,21,November,2016
329,10029,f,27,B,O,2,Desktop,21,Inspiron 24 3000,,8,5,2,0,"41,690.00",,2,5,14,April,2016
330,10030,f,41,B,O,4,Server,42,PowerVault RD1000,,,,,,"74,130.00",,3,8,22,April,2016
331,10031,m,24,J,O,1,Laptop,13,XPS 9370,,8,5,4,52,"98,990.00",,3,8,22,November,2016
332,10032,f,48,J,S,1,Laptop,12,Inspiron 15 7572,,8,5,2,42,"62,989.00",,3,6,18,September,2016
333,10033,m,29,J,O,1,Laptop,13,XPS 9370,,8,5,4,52,"98,990.00",,1,3,8,November,2016
334,10034,f,27,J,O,2,Desktop,22,Inspiron 27 7000,,8,7,4,0,"97,290.00",,2,4,10,November,2016
335,10035,m,25,B,O,2,Desktop,21,Inspiron 24 3000,,8,5,2,0,"41,690.00",,1,3,7,April,2016
336,10036,m,23,S,O,1,Laptop,12,Inspiron 15 7572,,8,5,2,42,"62,989.00",,3,7,21,August,2016
337,10037,m,20,S,S,1,Laptop,13,XPS 9370,,8,5,4,52,"98,990.00",,3,8,22,August,2016
338,10038,f,19,S,O,1,Laptop,14,Precision 5520,,16,7,8,56,"2,00,000.00",,2,5,14,August,2016
339,10039,f,32,J,O,2,Desktop,22,Inspiron 27 7000,,8,7,4,0,"97,290.00",,1,2,6,November,2016
340,10040,f,42,N,S,1,Laptop,13,XPS 9370,,8,5,4,52,"98,990.00",,3,7,20,November,2016
341,10041,f,59,B,S,4,Server,41,PowerEdge R230,,,,,,"82,900.00",,2,5,13,May,2016
342,10042,m,37,B,O,2,Desktop,22,Inspiron 27 7000,,8,7,4,0,"97,290.00",,1,2,6,May,2016
343,10043,m,48,J,S,1,Laptop,14,Precision 5520,,16,7,8,56,"2,00,000.00",,3,6,18,November,2016
344,10044,m,63,N,O,1,Laptop,12,Inspiron 15 7572,,8,5,2,42,"62,989.00",,3,7,20,November,2016
345,10045,m,78,N,S,1,Laptop,12,Inspiron 15 7572,,8,5,2,42,"62,989.00",,2,4,10,October,2016
346,10046,m,21,S,O,1,Laptop,13,XPS 9370,,8,5,4,52,"98,990.00",,3,6,17,August,2016
347,10047,m,26,B,S,4,Server,42,PowerVault RD1000,,,,,,"74,130.00",,1,2,5,May,2016
348,10048,m,38,J,S,2,Desktop,22,Inspiron 27 7000,,8,7,4,0,"97,290.00",,1,1,1,December,2016
349,10049,f,31,J,O,4,Server,41,PowerEdge R230,,,,,,"82,900.00",,2,5,13,December,2016
350,10050,f,52,B,O,4,Server,41,PowerEdge R230,,,,,,"82,900.00",,3,8,22,May,2016
351,10051,m,26,J,O,1,Laptop,12,Inspiron 15 7572,,8,5,2,42,"62,989.00",,1,3,7,December,2016
352,10052,m,29,J,O,1,Laptop,12,Inspiron 15 7572,,8,5,2,42,"62,989.00",,1,2,5,December,2016
353,10053,f,28,J,O,1,Laptop,13,XPS 9370,,8,5,4,52,"98,990.00",,2,4,11,December,2016
354,10054,f,26,J,O,1,Laptop,14,Precision 5520,,16,7,8,56,"2,00,000.00",,2,4,11,October,2016
355,10055,f,68,N,S,1,Laptop,111,Inspiron 15 3000,,4,3,0,40,"26,000.00",,3,7,19,November,2016
356,10056,m,53,N,S,2,Desktop,22,Inspiron 27 7000,,8,7,4,0,"97,290.00",,2,5,13,August,2016
357,10057,f,57,B,S,4,Server,41,PowerEdge R230,,,,,,"82,900.00",,2,4,11,May,2016
358,10058,m,22,S,O,1,Laptop,12,Inspiron 15 7572,,8,5,2,42,"62,989.00",,3,6,16,August,2016
359,10059,m,27,J,O,1,Laptop,14,Precision 5520,,16,7,8,56,"2,00,000.00",,1,1,1,December,2016
360,10060,m,63,N,S,1,Laptop,12,Inspiron 15 7572,,8,5,2,42,"62,989.00",,3,8,22,July,2016
361,10061,f,66,N,S,1,Laptop,12,Inspiron 15 7572,,8,5,2,42,"62,989.00",,2,5,13,August,2016
362,10062,m,68,N,S,1,Laptop,12,Inspiron 15 7572,,8,5,2,42,"62,989.00",,3,6,16,December,2016
363,10063,m,47,B,O,2,Desktop,22,Inspiron 27 7000,,8,7,4,0,"97,290.00",,1,1,2,May,2016
364,10064,m,25,S,S,1,Laptop,14,Precision 5520,,16,7,8,56,"2,00,000.00",,1,2,4,July,2016
365,10065,f,36,B,O,2,Desktop,22,Inspiron 27 7000,,8,7,4,0,"97,290.00",,2,5,13,May,2016
366,10066,f,24,J,O,1,Laptop,13,XPS 9370,,8,5,4,52,"98,990.00",,3,7,19,November,2016
367,10067,m,23,J,O,1,Laptop,12,Inspiron 15 7572,,8,5,2,42,"62,989.00",,1,3,7,October,2016
368,10068,m,22,S,O,1,Laptop,12,Inspiron 15 7572,,8,5,2,42,"62,989.00",,3,7,19,July,2016
369,10069,m,35,B,S,4,Server,41,PowerEdge R230,,,,,,"82,900.00",,3,7,19,June,2016
370,10070,m,41,J,S,1,Laptop,13,XPS 9370,,8,5,4,52,"98,990.00",,2,4,12,October,2016
371,10071,f,33,J,O,1,Laptop,14,XPS 9370,,16,7,8,56,"98,990.00",,2,4,12,November,2016
372,10072,m,38,J,O,1,Laptop,14,Precision 5520,,16,7,8,56,"2,00,000.00",,1,3,7,December,2016
373,10073,f,70,B,S,4,Server,42,PowerVault RD1000,,,,,,"74,130.00",,2,4,12,June,2016
374,10074,m,53,B,S,4,Server,42,PowerVault RD1000,,,,,,"74,130.00",,3,6,16,June,2016
375,10075,f,23,S,O,1,Laptop,12,Inspiron 15 7572,,8,5,2,42,"62,989.00",,2,5,13,July,2016
376,10076,m,18,S,O,1,Laptop,13,XPS 9370,,8,5,4,52,"98,990.00",,3,8,22,July,2016
377,10077,m,35,J,O,1,Laptop,14,Precision 5520,,16,7,8,56,"2,00,000.00",,1,1,3,December,2016
378,10078,m,58,B,S,4,Server,42,PowerVault RD1000,,,,,,"74,130.00",,3,8,22,June,2016
379,10079,f,52,J,O,2,Desktop,22,Inspiron 27 7000,,8,7,4,0,"97,290.00",,1,2,4,August,2016
380,10080,f,80,N,S,2,Desktop,21,Inspiron 24 3000,,8,5,2,0,"41,690.00",,1,2,4,December,2016
381,10081,m,80,N,O,1,Laptop,12,Inspiron 15 7572,,8,5,2,42,"62,989.00",,1,3,8,October,2016
382,10082,m,26,J,O,1,Laptop,13,XPS 9370,,8,5,4,52,"98,990.00",,2,4,11,November,2016
383,10083,m,20,S,O,1,Laptop,13,XPS 9370,,8,5,4,52,"98,990.00",,2,4,11,July,2016
384,10084,f,19,S,S,1,Laptop,12,Inspiron 15 7572,,8,5,2,42,"62,989.00",,3,8,22,July,2016
385,10085,m,33,B,O,4,Server,42,PowerVault RD1000,,,,,,"74,130.00",,3,6,16,June,2016
386,10086,m,43,J,S,1,Laptop,12,Inspiron 15 7572,,8,5,2,42,"62,989.00",,2,5,13,August,2016
387,10087,f,53,B,O,2,Desktop,22,Inspiron 27 7000,,8,7,4,0,"97,290.00",,2,5,13,June,2016
388,10088,f,63,B,S,4,Server,41,PowerEdge R230,,,,,,"82,900.00",,3,7,19,June,2016
389,10089,m,34,J,O,1,Laptop,13,XPS 9370,,8,5,4,52,"98,990.00",,2,4,10,October,2016
390,10090,m,25,J,O,1,Laptop,13,XPS 9370,,8,5,4,52,"98,990.00",,2,4,10,November,2016
391,10091,m,52,J,S,2,Desktop,22,Inspiron 27 7000,,8,7,4,0,"97,290.00",,2,5,13,December,2016
392,10092,f,24,J,S,1,Laptop,14,Precision 5520,,16,7,8,56,"2,00,000.00",,1,1,3,December,2016
393,10093,f,19,S,O,1,Laptop,12,Inspiron 15 7572,,8,5,2,42,"62,989.00",,1,1,2,July,2016
394,10094,f,21,S,O,1,Laptop,12,Inspiron 15 7572,,8,5,2,42,"62,989.00",,1,2,4,July,2016
395,10095,f,53,J,S,2,Desktop,21,Inspiron 24 3000,,8,5,2,0,"41,690.00",,1,3,8,November,2016
396,10096,m,26,J,O,1,Laptop,13,XPS 9370,,8,5,4,52,"98,990.00",,3,8,22,November,2016
397,10097,f,23,J,O,1,Laptop,12,Inspiron 15 7572,,8,5,2,42,"62,989.00",,1,3,8,October,2016
398,10098,m,21,S,O,1,Laptop,13,XPS 9370,,8,5,4,52,"98,990.00",,1,2,4,July,2016
399,10099,m,20,S,O,1,Laptop,12,Inspiron 15 7572,,8,5,2,42,"62,989.00",,2,4,10,July,2016
400,10100,f,19,S,S,1,Laptop,12,Inspiron 15 7572,,8,5,2,42,"62,989.00",,3,8,23,July,2016
401,10101,f,19,S,O,2,Desktop,22,Inspiron 27 7000,,8,7,4,0,"97,290.00",,3,6,16,August,2017
402,10102,m,23,B,O,2,Desktop,21,Inspiron 24 3000,,8,5,2,0,"41,690.00",,3,6,16,April,2017
403,10103,f,79,N,S,1,Laptop,111,Inspiron 15 3000,,4,3,0,40,"26,000.00",,2,4,10,September,2017
404,10104,f,57,B,S,4,Server,42,PowerVault RD1000,,,,,,"74,130.00",,3,8,23,April,2017
405,10105,f,36,B,O,4,Server,42,PowerVault RD1000,,,,,,"74,130.00",,3,7,19,April,2017
406,10106,m,24,J,O,1,Laptop,13,XPS 9370,,8,5,4,52,"98,990.00",,1,1,1,December,2017
407,10107,m,43,J,O,1,Laptop,14,Precision 5520,,16,7,8,56,"2,00,000.00",,1,3,9,September,2017
408,10108,m,58,J,S,2,Desktop,21,Inspiron 24 3000,,8,5,2,0,"41,690.00",,1,2,4,December,2017
409,10109,m,70,N,S,1,Laptop,12,Inspiron 15 7572,,8,5,2,42,"62,989.00",,2,5,14,December,2017
410,10110,m,21,S,O,3,Gaming,31,Alienware 15,,16,7,8,68,"1,37,890.00",,3,7,19,August,2017
411,10111,f,37,J,S,1,Laptop,14,Precision 5520,,16,7,8,56,"2,00,000.00",,2,3,9,December,2017
412,10112,m,35,B,O,4,Server,41,PowerEdge R230,,,,,,"82,900.00",,3,8,23,April,2017
413,10113,f,23,J,O,1,Laptop,12,Inspiron 15 7572,,8,5,2,42,"62,989.00",,2,5,14,December,2017
414,10114,m,32,B,O,4,Server,41,PowerEdge R230,,,,,,"82,900.00",,3,7,21,April,2017
415,10115,f,27,J,S,1,Laptop,12,Inspiron 15 7572,,8,5,2,42,"62,989.00",,3,6,16,December,2017
416,10116,m,38,J,O,1,Laptop,13,XPS 9370,,8,5,4,52,"98,990.00",,2,4,10,September,2017
417,10117,m,42,J,O,1,Laptop,12,Inspiron 15 7572,,8,5,2,42,"62,989.00",,1,2,5,September,2017
418,10118,f,48,B,O,4,Server,41,PowerEdge R230,,,,,,"82,900.00",,3,6,18,April,2017
419,10119,f,36,B,O,1,Laptop,14,Precision 5520,,16,7,8,56,"2,00,000.00",,2,5,14,April,2017
420,10120,m,25,J,O,1,Laptop,13,XPS 9370,,8,5,4,52,"98,990.00",,3,7,19,December,2017
421,10121,m,48,J,S,3,Gaming,31,Alienware 15,,16,7,8,68,"1,37,890.00",,2,5,15,December,2017
422,10122,m,68,B,S,2,Desktop,22,Inspiron 27 7000,,8,7,4,0,"97,290.00",,2,4,10,April,2017
423,10123,f,73,N,S,2,Desktop,22,Inspiron 27 7000,,8,7,4,0,"97,290.00",,3,8,22,September,2017
424,10124,f,33,B,S,4,Server,42,PowerVault RD1000,,,,,,"74,130.00",,2,4,11,April,2017
425,10125,f,28,J,O,1,Laptop,13,XPS 9370,,8,5,4,52,"98,990.00",,1,1,2,December,2017
426,10126,f,24,J,S,1,Laptop,12,Inspiron 15 7572,,8,5,2,42,"62,989.00",,1,1,3,December,2017
427,10127,m,21,S,O,1,Laptop,13,XPS 9370,,8,5,4,52,"98,990.00",,3,6,17,August,2017
428,10128,m,43,B,O,2,Desktop,22,Inspiron 27 7000,,8,7,4,0,"97,290.00",,3,7,19,April,2017
429,10129,f,49,B,O,4,Server,41,PowerEdge R230,,,,,,"82,900.00",,2,4,11,April,2017
430,10130,m,78,N,O,1,Laptop,111,Inspiron 15 3000,,4,3,0,40,"26,000.00",,3,8,22,December,2017
431,10131,f,20,S,S,3,Gaming,31,Alienware 15,,,,,,"1,37,890.00",,2,4,11,August,2017
432,10132,m,53,B,O,2,Desktop,22,Inspiron 27 7000,,8,7,4,0,"97,290.00",,1,2,4,April,2017
433,10133,f,43,B,S,4,Server,42,PowerVault RD1000,,,,,,"74,130.00",,3,8,22,May,2017
434,10134,f,26,J,O,1,Laptop,12,Inspiron 15 3000,,8,5,2,42,"34,089.00",,1,2,5,December,2017
435,10135,m,70,B,S,4,Server,42,PowerVault RD1000,,,,,,"74,130.00",,3,8,23,May,2017
436,10136,m,53,B,S,4,Server,41,PowerEdge R230,,,,,,"82,900.00",,2,5,15,May,2017
437,10137,f,43,B,S,4,Server,41,PowerEdge R230,,,,,,"82,900.00",,3,8,23,May,2017
438,10138,m,38,J,O,2,Desktop,22,Inspiron 27 7000,,8,7,4,0,"97,290.00",,3,7,19,September,2017
439,10139,f,31,B,O,4,Server,41,PowerEdge R230,,,,,,"82,900.00",,1,3,9,May,2017
440,10140,m,23,J,O,3,Gaming,31,Alienware 15,,16,7,8,68,"1,37,890.00",,1,1,1,December,2017
441,10141,f,18,S,O,1,Laptop,13,XPS 9370,,8,5,4,52,"98,990.00",,2,5,15,August,2017
442,10142,f,37,J,O,2,Desktop,22,Inspiron 27 7000,,8,7,4,0,"97,290.00",,1,3,9,September,2017
443,10143,f,22,S,O,1,Laptop,13,XPS 9370,,8,5,4,52,"98,990.00",,2,5,15,December,2017
444,10144,m,58,B,S,4,Server,41,PowerEdge R230,,,,,,"82,900.00",,3,7,19,May,2017
445,10145,m,69,N,S,1,Laptop,12,Inspiron 15 7572,,8,5,2,42,"62,989.00",,3,6,16,December,2017
446,10146,m,42,B,O,4,Server,42,PowerVault RD1000,,,,,,"74,130.00",,3,6,16,May,2017
447,10147,f,24,J,O,3,Gaming,31,Alienware 15,,16,7,8,68,"1,37,890.00",,2,4,12,November,2017
448,10148,m,34,J,S,2,Desktop,22,Inspiron 27 7000,,8,7,4,0,"97,290.00",,2,5,15,November,2017
449,10149,f,40,J,S,2,Desktop,22,Inspiron 27 7000,,8,7,4,0,"97,290.00",,1,2,6,November,2017
450,10150,m,30,B,S,4,Server,41,PowerEdge R230,,,,,,"82,900.00",,1,1,1,May,2017
451,10151,f,20,S,O,1,Laptop,13,XPS 9370,,8,5,4,52,"98,990.00",,2,4,12,August,2017
452,10152,m,19,S,O,3,Gaming,31,Alienware 15,,16,7,8,68,"1,37,890.00",,1,2,6,August,2017
453,10153,f,21,J,S,3,Gaming,31,Alienware 15,,16,7,8,68,"1,37,890.00",,2,5,14,November,2017
454,10154,f,43,J,O,1,Laptop,13,XPS 9370,,8,5,4,52,"98,990.00",,2,5,14,September,2017
455,10155,f,45,B,O,4,Server,41,PowerEdge R230,,,,,,"82,900.00",,3,6,16,May,2017
456,10156,m,59,B,O,4,Server,42,PowerVault RD1000,,,,,,"74,130.00",,2,4,12,May,2017
457,10157,m,22,S,O,3,Gaming,31,Alienware 15,,16,7,8,68,"1,37,890.00",,3,8,23,July,2017
458,10158,m,23,J,S,1,Laptop,12,Inspiron 15 7572,,8,5,2,42,"62,989.00",,1,2,5,November,2017
459,10159,f,32,J,O,1,Laptop,14,Precision 5520,,16,7,8,56,"2,00,000.00",,1,3,8,November,2017
460,10160,f,37,B,O,4,Server,42,PowerVault RD1000,,,,,,"74,130.00",,3,8,23,May,2017
461,10161,m,34,B,S,4,Server,42,PowerVault RD1000,,,,,,"74,130.00",,3,7,19,May,2017
462,10162,m,46,J,S,1,Laptop,14,Precision 5520,,16,7,8,56,"2,00,000.00",,2,5,14,November,2017
463,10163,f,49,B,O,4,Server,41,PowerEdge R230,,,,,,"82,900.00",,3,7,19,May,2017
464,10164,f,39,J,O,1,Laptop,22,Precision 5520,,8,7,4,0,"2,00,000.00",,1,3,8,September,2017
465,10165,m,34,J,O,1,Laptop,14,Precision 5520,,16,7,8,56,"2,00,000.00",,1,1,1,November,2017
466,10166,m,23,B,S,1,Laptop,13,Inspiron 15 7572,,8,5,4,52,"62,989.00",,1,1,2,May,2017
467,10167,f,63,B,S,4,Server,42,PowerVault RD1000,,,,,,"74,130.00",,2,4,11,June,2017
468,10168,f,53,J,O,2,Desktop,22,Inspiron 27 7000,,8,7,4,0,"97,290.00",,1,3,7,November,2017
469,10169,m,48,B,S,4,Server,41,PowerEdge R230,,,,,,"82,900.00",,1,3,7,June,2017
470,10170,m,37,J,S,1,Laptop,13,XPS 9370,,8,5,4,52,"98,990.00",,1,2,4,November,2017
471,10171,f,59,B,S,4,Server,42,PowerVault RD1000,,,,,,"74,130.00",,3,7,19,June,2017
472,10172,f,22,S,O,1,Laptop,13,XPS 9370,,8,5,4,52,"98,990.00",,3,6,16,July,2017
473,10173,m,25,B,O,4,Server,41,PowerEdge R230,,,,,,"82,900.00",,2,4,10,June,2017
474,10174,m,78,N,S,1,Laptop,12,Inspiron 15 7572,,8,5,2,42,"62,989.00",,3,8,23,November,2017
475,10175,f,63,N,O,2,Desktop,21,Inspiron 24 3000,,8,5,2,0,"41,690.00",,2,4,10,November,2017
476,10176,f,71,N,S,2,Desktop,22,Inspiron 27 7000,,8,7,4,0,"97,290.00",,2,5,13,November,2017
477,10177,m,68,N,S,1,Laptop,12,Inspiron 15 7572,,8,5,2,42,"62,989.00",,1,2,4,September,2017
478,10178,m,66,B,S,2,Desktop,22,Inspiron 27 7000,,8,7,4,0,"97,290.00",,3,6,16,June,2017
479,10179,m,65,N,O,1,Laptop,12,Inspiron 15 7572,,8,5,2,42,"62,989.00",,1,8,23,October,2017
480,10180,f,80,N,O,1,Laptop,111,Inspiron 15 3000,,4,3,0,40,"26,000.00",,2,5,13,October,2017
481,10181,f,28,J,O,3,Gaming,31,Alienware 15,,16,7,8,68,"1,37,890.00",,1,1,1,October,2017
482,10182,f,47,J,O,2,Desktop,22,Inspiron 27 7000,,8,7,4,0,"97,290.00",,1,1,1,October,2017
483,10183,f,69,B,S,4,Server,42,PowerVault RD1000,,,,,,"74,130.00",,3,7,20,June,2017
484,10184,m,80,N,S,2,Desktop,21,Inspiron 24 3000,,8,5,2,0,"41,690.00",,2,5,13,October,2017
485,10185,m,25,J,O,3,Gaming,31,Alienware 15,,16,7,8,68,"1,37,890.00",,2,4,10,October,2017
486,10186,m,23,J,O,1,Laptop,12,Inspiron 15 7572,,8,5,2,42,"62,989.00",,1,1,2,October,2017
487,10187,m,38,J,S,1,Laptop,12,Inspiron 15 7572,,8,5,2,42,"62,989.00",,1,3,7,October,2017
488,10188,f,37,J,S,2,Desktop,22,Inspiron 27 7000,,8,7,4,0,"97,290.00",,1,2,4,October,2017
489,10189,m,42,J,O,1,Laptop,14,Precision 5520,,16,7,8,56,"2,00,000.00",,1,3,7,September,2017
490,10190,f,32,B,O,2,Desktop,22,Inspiron 27 7000,,8,7,4,0,"97,290.00",,1,8,24,June,2017
491,10191,m,23,J,O,1,Laptop,12,Inspiron 15 7572,,8,5,2,42,"62,989.00",,1,8,24,October,2017
492,10192,f,37,J,S,1,Laptop,14,Precision 5520,,16,7,8,56,"2,00,000.00",,2,5,13,October,2017
493,10193,f,59,J,S,1,Laptop,13,XPS 9370,,8,5,4,52,"98,990.00",,3,7,20,October,2017
494,10194,m,24,J,O,1,Laptop,12,Inspiron 15 7572,,8,5,2,42,"62,989.00",,1,3,7,October,2017
495,10195,m,73,N,S,1,Laptop,12,Inspiron 15 7572,,8,5,2,42,"62,989.00",,1,7,20,September,2017
496,10196,f,56,J,S,1,Laptop,13,XPS 9370,,8,5,4,52,"98,990.00",,2,4,11,October,2017
497,10197,f,54,B,O,2,Desktop,21,Inspiron 24 3000,,8,5,2,0,"41,690.00",,1,6,16,June,2017
498,10198,m,37,B,O,4,Server,42,PowerVault RD1000,,,,,,"74,130.00",,3,6,18,June,2017
499,10199,m,35,J,O,1,Laptop,14,Precision 5520,,16,7,8,56,"2,00,000.00",,1,2,4,October,2017
500,10200,m,22,J,O,3,Gaming,31,Alienware 15,,16,7,8,68,"1,37,890.00",,3,1,3,October,2017
501,10201,f,23,S,O,3,Gaming,31,Alienware 15,,,,,,"1,37,890.00",,1,1,3,September,2018
502,10202,m,24,J,O,1,Laptop,14,Precision 5520,,16,7,8,56,"2,00,000.00",,1,1,2,November,2018
503,10203,f,79,N,S,1,Laptop,12,Inspiron 15 7572,,8,5,2,42,"62,989.00",,1,5,13,December,2018
504,10204,m,68,N,S,1,Laptop,12,Inspiron 15 7572,,8,5,2,42,"62,989.00",,1,6,17,September,2018
505,10205,m,47,J,O,2,Desktop,22,Inspiron 27 7000,,8,7,4,0,"97,290.00",,1,4,12,October,2018
506,10206,m,36,B,O,4,Server,41,PowerEdge R230,,,,,,"82,900.00",,3,7,20,April,2018
507,10207,f,69,B,O,4,Server,42,PowerVault RD1000,,,,,,"74,130.00",,3,8,24,April,2018
508,10208,f,80,N,S,1,Laptop,12,Inspiron 15 7572,,8,5,2,42,"62,989.00",,2,4,12,September,2018
509,10209,f,24,J,S,1,Laptop,12,Inspiron 15 7572,,8,5,2,42,"62,989.00",,1,2,4,October,2018
510,10210,f,26,J,O,1,Laptop,13,XPS 9370,,8,5,4,52,"98,990.00",,1,2,5,October,2018
511,10211,m,22,S,O,1,Laptop,13,XPS 9370,,8,5,4,52,"98,990.00",,3,8,24,August,2018
512,10212,m,23,S,S,3,Gaming,31,Alienware 15,,16,7,8,68,"1,37,890.00",,2,5,14,August,2018
513,10213,f,70,B,O,4,Server,42,PowerVault RD1000,,,,,,"74,130.00",,3,7,21,April,2018
514,10214,f,68,N,S,1,Laptop,111,Inspiron 15 3000,,4,3,0,40,"26,000.00",,2,4,11,September,2018
515,10215,m,48,B,S,4,Server,42,PowerVault RD1000,,,,,,"74,130.00",,2,5,14,April,2018
516,10216,m,46,B,O,4,Server,41,PowerEdge R230,,,,,,"82,900.00",,1,3,7,April,2018
517,10217,f,26,J,O,1,Laptop,13,XPS 9370,,8,5,4,52,"98,990.00",,1,3,7,November,2018
518,10218,f,34,J,O,1,Laptop,14,Precision 5520,,16,7,8,56,"2,00,000.00",,3,6,18,December,2018
519,10219,m,74,N,S,4,Server,42,PowerVault RD1000,,,,,,"74,130.00",,2,4,10,September,2018
520,10220,m,42,B,O,4,Server,41,PowerEdge R230,,,,,,"82,900.00",,3,6,17,April,2018
521,10221,m,51,B,S,4,Server,41,PowerEdge R230,,,,,,"82,900.00",,2,5,14,April,2018
522,10222,f,31,J,O,1,Laptop,14,Precision 5520,,16,7,8,56,"2,00,000.00",,1,3,8,December,2018
523,10223,f,26,J,O,1,Laptop,13,XPS 9370,,8,5,4,52,"98,990.00",,1,3,8,November,2018
524,10224,f,24,J,O,1,Laptop,12,Inspiron 15 7572,,8,5,2,42,"62,989.00",,1,2,6,November,2018
525,10225,m,22,S,S,1,Laptop,12,Inspiron 15 7572,,8,5,2,42,"62,989.00",,3,7,21,August,2018
526,10226,f,19,S,O,1,Laptop,12,Inspiron 15 7572,,8,5,2,42,"62,989.00",,2,5,15,August,2018
527,10227,m,18,S,O,3,Gaming,31,Alienware 15,,16,7,8,68,"1,37,890.00",,3,8,24,August,2018
528,10228,f,23,B,O,4,Server,41,PowerEdge R230,,,,,,"82,900.00",,1,2,5,April,2018
529,10229,m,31,J,O,1,Laptop,14,Precision 5520,,16,7,8,56,"2,00,000.00",,3,8,24,October,2018
530,10230,m,30,J,S,1,Laptop,14,Precision 5520,,16,7,8,56,"2,00,000.00",,1,1,1,October,2018
531,10231,f,29,J,O,1,Laptop,13,XPS 9370,,8,5,4,52,"98,990.00",,1,1,1,December,2018
532,10232,f,55,B,O,4,Server,41,PowerEdge R230,,,,,,"82,900.00",,3,7,21,April,2018
533,10233,f,59,B,S,4,Server,42,PowerVault RD1000,,,,,,"74,130.00",,2,4,10,April,2018
534,10234,m,37,B,S,2,Desktop,22,Inspiron 27 7000,,8,7,4,0,"97,290.00",,3,6,17,May,2018
535,10235,m,42,J,O,1,Laptop,13,XPS 9370,,8,5,4,52,"98,990.00",,3,7,21,September,2018
536,10236,f,41,J,S,2,Desktop,22,Inspiron 27 7000,,8,7,4,0,"97,290.00",,2,5,15,November,2018
537,10237,m,46,B,S,4,Server,41,PowerEdge R230,,,,,,"82,900.00",,2,5,15,May,2018
538,10238,f,44,B,O,3,Gaming,31,Alienware 15,,16,7,8,68,"1,37,890.00",,1,1,2,May,2018
539,10239,m,49,J,S,2,Desktop,22,Inspiron 27 7000,,8,7,4,0,"97,290.00",,1,1,2,October,2018
540,10240,f,70,B,S,2,Desktop,22,Inspiron 27 7000,,8,7,4,0,"97,290.00",,3,8,23,May,2018
541,10241,f,68,B,S,2,Desktop,21,Inspiron 24 3000,,8,5,2,0,"41,690.00",,1,2,4,May,2018
542,10242,f,64,N,S,3,Gaming,31,Alienware 15,,16,7,8,68,"1,37,890.00",,1,2,4,September,2018
543,10243,m,34,J,O,3,Gaming,31,Alienware 15,,16,7,8,68,"1,37,890.00",,2,4,10,December,2018
544,10244,m,45,J,O,1,Laptop,13,XPS 9370,,8,5,4,52,"98,990.00",,3,8,23,December,2018
545,10245,m,80,N,S,1,Laptop,111,Inspiron 15 3000,,4,3,0,40,"26,000.00",,3,7,21,December,2018
546,10246,f,63,B,S,4,Server,41,PowerEdge R230,,,,,,"82,900.00",,2,5,14,May,2018
547,10247,m,68,N,S,2,Desktop,21,Inspiron 24 3000,,8,5,2,0,"41,690.00",,1,3,9,December,2018
548,10248,f,65,B,S,4,Server,41,PowerEdge R230,,,,,,"82,900.00",,1,3,9,May,2018
549,10249,m,27,J,O,3,Gaming,31,Alienware 15,,16,7,8,68,"1,37,890.00",,1,3,8,December,2018
550,10250,m,49,J,O,1,Laptop,13,XPS 9370,,8,5,4,52,"98,990.00",,2,4,11,September,2018
551,10251,m,57,B,O,2,Desktop,22,Inspiron 27 7000,,8,7,4,0,"97,290.00",,2,4,12,May,2018
552,10252,f,44,B,O,4,Server,42,PowerVault RD1000,,,,,,"74,130.00",,3,6,18,May,2018
553,10253,f,25,J,O,1,Laptop,13,XPS 9370,,8,5,4,52,"98,990.00",,3,6,18,December,2018
554,10254,f,24,J,S,1,Laptop,12,Inspiron 15 7572,,8,5,2,42,"62,989.00",,2,5,14,December,2018
555,10255,f,23,J,O,2,Desktop,22,Inspiron 27 7000,,8,7,4,0,"97,290.00",,3,8,23,December,2018
556,10256,m,20,S,O,3,Gaming,31,Alienware 15,,16,7,8,68,"1,37,890.00",,3,7,21,August,2018
557,10257,f,48,B,S,2,Desktop,22,Inspiron 27 7000,,8,7,4,0,"97,290.00",,2,5,15,May,2018
558,10258,m,47,B,O,2,Desktop,21,Inspiron 24 3000,,8,5,2,0,"41,690.00",,2,4,11,May,2018
559,10259,f,26,J,O,1,Laptop,13,XPS 9370,,8,5,4,52,"98,990.00",,1,2,4,November,2018
560,10260,m,32,J,S,2,Desktop,22,Inspiron 27 7000,,8,7,4,0,"97,290.00",,1,2,4,November,2018
561,10261,f,34,B,O,4,Server,42,PowerVault RD1000,,,,,,"74,130.00",,1,2,5,May,2018
562,10262,m,39,B,S,2,Desktop,22,Inspiron 27 7000,,,,,,"97,290.00",,3,8,22,May,2018
563,10263,f,40,J,O,1,Laptop,13,XPS 9370,,8,5,4,52,"98,990.00",,1,1,1,September,2018
564,10264,m,48,J,O,1,Laptop,14,Precision 5520,,16,7,8,56,"2,00,000.00",,1,1,1,November,2018
565,10265,m,52,B,O,4,Server,41,PowerEdge R230,,,,,,"82,900.00",,3,7,20,May,2018
566,10266,f,17,S,S,1,Laptop,13,XPS 9370,,8,5,4,52,"98,990.00",,3,6,18,July,2018
567,10267,f,23,J,S,1,Laptop,12,Inspiron 15 7572,,8,5,2,42,"62,989.00",,2,4,10,November,2018
568,10268,f,63,N,O,1,Laptop,111,Inspiron 15 3000,,4,3,0,40,"26,000.00",,2,5,14,November,2018
569,10269,f,67,B,S,2,Desktop,21,Inspiron 24 3000,,8,5,2,0,"41,690.00",,2,5,14,May,2018
570,10270,m,70,N,S,1,Laptop,12,Inspiron 15 7572,,8,5,2,42,"62,989.00",,2,4,10,September,2018
571,10271,f,37,J,O,2,Desktop,22,Inspiron 27 7000,,8,7,4,0,"97,290.00",,3,6,17,November,2018
572,10272,m,42,J,O,1,Laptop,14,Precision 5520,,16,7,8,56,"2,00,000.00",,1,1,2,November,2018
573,10273,f,33,B,S,2,Desktop,22,Inspiron 27 7000,,8,7,4,0,"97,290.00",,3,7,20,June,2018
574,10274,m,53,B,O,4,Server,41,PowerEdge R230,,,,,,"82,900.00",,2,4,10,June,2018
575,10275,m,62,J,O,1,Laptop,14,Precision 5520,,16,7,8,56,"2,00,000.00",,2,4,11,October,2018
576,10276,f,54,J,S,1,Laptop,13,XPS 9370,,8,5,4,52,"98,990.00",,3,8,12,October,2018
577,10277,m,34,J,O,1,Laptop,14,Precision 5520,,,,,,"2,00,000.00",,1,2,6,October,2018
578,10278,f,33,J,O,1,Laptop,13,XPS 9370,,8,5,4,52,"98,990.00",,1,3,8,October,2018
579,10279,m,40,B,O,4,Server,42,PowerVault RD1000,,,,,,"74,130.00",,1,1,3,June,2018
580,10280,m,79,N,S,2,Desktop,21,Inspiron 24 3000,,8,5,2,0,"41,690.00",,2,5,13,October,2018
581,10281,f,57,B,S,4,Server,42,PowerVault RD1000,,,,,,"74,130.00",,2,5,13,June,2018
582,10282,f,58,J,S,1,Laptop,14,Precision 5520,,16,7,8,56,"2,00,000.00",,3,8,22,October,2018
583,10283,f,33,B,O,2,Desktop,21,Inspiron 24 3000,,8,5,2,0,"41,690.00",,3,7,21,June,2018
584,10284,m,22,S,O,1,Laptop,13,XPS 9370,,8,5,4,52,"98,990.00",,3,6,17,July,2018
585,10285,f,21,S,O,1,Laptop,12,Inspiron 15 7572,,8,5,2,42,"62,989.00",,2,4,11,July,2018
586,10286,m,25,J,O,3,Gaming,31,Alienware 15,,16,7,8,68,"1,37,890.00",,1,1,3,October,2018
587,10287,m,28,J,S,1,Laptop,13,XPS 9370,,8,5,4,52,"98,990.00",,1,2,6,October,2018
588,10288,m,55,B,O,2,Desktop,22,Inspiron 27 7000,,8,7,4,0,"97,290.00",,3,6,16,June,2018
589,10289,f,30,B,O,4,Server,41,PowerEdge R230,,,,,,"82,900.00",,2,5,13,June,2018
590,10290,m,31,J,O,1,Laptop,14,Precision 5520,,16,7,8,56,"2,00,000.00",,1,3,7,October,2018
591,10291,f,75,N,S,1,Laptop,12,Inspiron 15 7572,,8,5,2,42,"62,989.00",,3,7,19,September,2018
592,10292,m,32,J,S,1,Laptop,14,Precision 5520,,16,7,8,56,"2,00,000.00",,1,1,2,October,2018
594,10294,f,59,B,S,2,Desktop,22,Inspiron 27 7000,,8,7,4,0,"97,290.00",,1,2,5,June,2018
595,10295,f,57,B,S,4,Server,41,PowerEdge R230,,,,,,"82,900.00",,2,5,13,June,2018
597,10297,m,56,J,S,1,Laptop,14,Precision 5520,,16,7,8,56,"2,00,000.00",,3,8,22,October,2018
598,10298,m,62,B,S,4,Server,41,PowerEdge R230,,,,,,"82,900.00",,3,7,19,June,2018
599,10300,f,23,J,O,1,Laptop,12,Inspiron 15 7572,,8,5,2,42,"62,989.00",,2,4,12,October,2018
600,10004,f,18,S,S,3,Gaming,31,Alienware 15,,,,,,"1,37,890.00",,2,4,12,February,2018
601,10008,m,20,B,S,4,Server,42,PowerVault RD1000,,,,,,"74,130.00",,1,1,3,January,2018
602,10011,f,35,B,S,4,Server,42,PowerVault RD1000,,,,,,"74,130.00",,3,8,22,March,2018
603,10015,f,54,B,O,4,Server,41,PowerEdge R230,,,,,,"82,900.00",,2,4,11,January,2018
604,10018,f,18,S,S,1,Laptop,111,Inspiron 15 3000,,4,3,0,40,"26,000.00",,3,6,16,January,2018
605,10021,m,30,B,S,4,Server,41,PowerEdge R230,,,,,,"82,900.00",,3,8,22,February,2018
606,10027,m,60,N,S,2,Desktop,22,Inspiron 27 7000,,8,7,4,0,"97,290.00",,1,1,1,January,2018
607,10033,m,26,J,O,1,Laptop,12,Inspiron 15 7572,,8,5,2,42,"62,989.00",,3,3,7,January,2018
608,10036,m,20,S,O,1,Laptop,12,Inspiron 15 7572,,8,5,2,42,"62,989.00",,3,7,19,March,2018
609,10042,m,34,B,O,3,Gaming,31,Alienware 15,,16,7,8,68,"1,37,890.00",,3,2,4,January,2018
610,10047,m,23,S,S,1,Laptop,13,XPS 9370,,8,5,4,52,"98,990.00",,1,2,4,March,2018
611,10056,m,50,N,S,1,Laptop,12,Inspiron 15 7572,,8,5,2,42,"62,989.00",,2,5,13,February,2018
612,10058,m,19,S,O,1,Laptop,12,Inspiron 15 7572,,8,5,2,42,"62,989.00",,3,6,16,January,2018
613,10061,f,63,N,S,2,Desktop,22,Inspiron 27 7000,,8,7,4,0,"97,290.00",,2,5,13,March,2018
614,10065,f,33,B,O,1,Laptop,13,XPS 9370,,8,5,4,52,"98,990.00",,2,5,14,January,2018
615,10070,m,38,J,S,1,Laptop,12,Inspiron 15 7572,,8,5,2,42,"62,989.00",,2,4,11,March,2018
616,10077,m,32,J,O,1,Laptop,13,XPS 9370,,8,5,4,52,"98,990.00",,1,1,2,February,2018
617,10087,f,50,B,O,1,Laptop,13,XPS 9370,,8,5,4,52,"98,990.00",,2,5,14,January,2018
618,10090,m,22,S,O,1,Laptop,12,Inspiron 15 7572,,8,5,2,42,"62,989.00",,2,4,10,January,2018
619,10095,f,50,J,S,1,Laptop,12,Inspiron 15 7572,,8,5,2,42,"62,989.00",,3,3,7,March,2018
620,10103,f,76,N,S,2,Desktop,21,Inspiron 24 3000,,8,5,2,0,"41,690.00",,2,4,10,January,2017
621,10110,m,18,S,O,1,Laptop,12,Inspiron 15 7572,,8,5,2,42,"62,989.00",,3,7,19,February,2017
622,10119,f,33,J,O,1,Laptop,14,Precision 5520,,16,7,8,56,"2,00,000.00",,2,5,15,January,2017
623,10122,m,65,B,S,4,Server,42,PowerVault RD1000,,,,,,"74,130.00",,2,4,10,March,2017
624,10135,m,67,B,S,4,Server,41,PowerEdge R230,,,,,,"82,900.00",,3,8,22,January,2017
625,10139,f,28,J,O,1,Laptop,14,Precision 5520,,16,7,8,56,"2,00,000.00",,3,3,7,February,2017
626,10152,m,16,S,O,2,Desktop,22,Inspiron 27 7000,,8,7,4,0,"97,290.00",,3,2,4,January,2017
627,10156,m,56,B,O,4,Server,42,PowerVault RD1000,,,,,,"74,130.00",,2,4,10,January,2017
628,10162,m,43,J,S,3,Gaming,31,Alienware 15,,16,7,8,68,"1,37,890.00",,2,5,15,March,2017
629,10165,m,31,J,O,1,Laptop,13,XPS 9370,,8,5,4,52,"98,990.00",,3,1,1,January,2017
630,10174,m,75,N,S,2,Desktop,22,Inspiron 27 7000,,,,,,"97,290.00",,3,8,23,February,2017
631,10194,m,21,S,O,1,Laptop,11,Inspiron 15 3000,,4,3,0,40,"34,089.00",,1,3,9,January,2016
632,10198,m,34,B,O,4,Server,41,PowerEdge R230,,,,,,"82,900.00",,3,6,16,February,2016
633,10203,f,76,N,S,2,Desktop,21,Inspiron 24 3000,,8,5,2,0,"41,690.00",,2,5,15,January,2016
634,10215,m,45,B,S,2,Desktop,22,Inspiron 27 7000,,8,7,4,0,"97,290.00",,2,5,15,March,2016
635,10220,m,39,B,O,4,Server,42,PowerVault RD1000,,,,,,"74,130.00",,3,6,16,January,2016
636,10233,f,56,B,S,4,Server,41,PowerEdge R230,,,,,,"82,900.00",,2,4,11,February,2016
637,10253,f,22,J,O,1,Laptop,11,Inspiron 15 3000,,4,3,0,40,"34,089.00",,3,6,16,January,2016
638,10254,f,21,S,S,1,Laptop,11,Inspiron 15 3000,,4,3,0,40,"34,089.00",,2,5,14,January,2015
639,10256,m,17,S,O,2,Desktop,21,Inspiron 24 3000,,8,5,2,0,"41,690.00",,3,7,19,February,2015
640,10092,f,35,J,S,1,Laptop,14,Precision 5520,,16,7,8,56,"2,00,000.00",,1,1,2,January,2015
641,10136,m,62,B,S,4,Server,41,PowerEdge R230,,,,,,"82,900.00",,2,5,14,March,2015
642,10191,m,51,J,O,1,Laptop,11,Inspiron 15 3000,,4,3,0,40,"34,089.00",,3,8,23,January,2015
643,10217,f,66,J,O,1,Laptop,13,XPS 9370,,8,5,4,52,"98,990.00",,1,3,7,January,2014
644,10251,m,80,N,O,2,Desktop,22,Inspiron 27 7000,,,,,,"97,290.00",,2,4,11,January,2014
645,10301,f,31,J,O,1,Laptop,14,Precision 5520,,16,7,8,56,"2,00,000.00",,1,1,2,November,2018
646,10302,m,23,S,O,1,Laptop,12,Inspiron 15 7572,,8,5,2,42,"62,989.00",,1,1,3,September,2018
647,10303,f,34,J,O,1,Laptop,14,Precision 5520,,16,7,8,56,"2,00,000.00",,1,2,5,November,2018
648,10304,m,20,S,O,1,Laptop,12,Inspiron 15 7572,,8,5,2,42,"62,989.00",,1,2,4,September,2018
649,10305,m,21,S,S,1,Laptop,12,Inspiron 15 7572,,8,5,2,42,"62,989.00",,1,3,8,July,2018
650,10306,m,80,N,S,2,Desktop,21,Inspiron 24 3000,,8,5,2,0,"41,690.00",,3,8,23,July,2018
651,10307,f,16,S,S,2,Desktop,22,Inspiron 27 7000,,8,7,4,0,"97,290.00",,3,8,24,September,2018
652,10308,f,18,S,O,1,Laptop,12,Inspiron 15 7572,,8,5,2,42,"62,989.00",,1,3,7,September,2018
653,10309,m,20,S,O,1,Laptop,12,Inspiron 15 7572,,8,5,2,42,"62,989.00",,2,4,12,September,2018
654,10310,m,23,J,O,1,Laptop,12,Inspiron 15 7572,,8,5,2,42,"62,989.00",,2,4,12,November,2018
655,10311,f,28,J,O,1,Laptop,13,XPS 9370,,8,5,4,52,"98,990.00",,2,5,13,October,2018
656,10312,f,29,J,O,1,Laptop,13,XPS 9370,,8,5,4,52,"98,990.00",,2,5,13,September,2018
657,10313,f,43,B,S,2,Desktop,21,Inspiron 24 3000,,8,5,2,0,"41,690.00",,3,7,19,November,2018
658,10314,m,42,J,S,2,Desktop,22,Inspiron 27 7000,,8,7,4,0,"97,290.00",,3,7,19,November,2018
659,10315,f,39,J,S,2,Desktop,22,Inspiron 27 7000,,8,7,4,0,"97,290.00",,3,6,17,November,2018
660,10316,m,31,J,O,1,Laptop,12,Inspiron 15 7572,,8,5,2,42,"62,989.00",,3,6,18,October,2018
661,10317,f,37,J,O,1,Laptop,13,XPS 9370,,8,5,4,52,"98,990.00",,3,8,24,September,2018
662,10318,f,65,N,S,2,Desktop,21,Inspiron 24 3000,,8,5,2,0,"41,690.00",,3,8,24,July,2017
663,10319,f,54,N,O,1,Laptop,111,Inspiron 15 3000,,4,3,0,40,"26,000.00",,1,1,1,September,2017
664,10320,m,38,J,O,2,Desktop,22,Inspiron 27 7000,,8,7,4,0,"97,290.00",,3,8,24,November,2017
665,10321,m,78,N,S,1,Laptop,12,Inspiron 15 7572,,8,5,2,42,"62,989.00",,1,1,1,August,2018
666,10322,f,72,N,S,1,Laptop,12,Inspiron 15 7572,,8,5,2,42,"62,989.00",,1,1,2,September,2017
667,10323,m,41,J,O,2,Desktop,21,Inspiron 24 3000,,8,5,2,0,"41,690.00",,3,7,19,September,2017
668,10324,f,22,J,O,1,Laptop,12,Inspiron 15 7572,,8,5,2,42,"62,989.00",,1,2,4,November,2017
669,10325,m,18,S,O,1,Laptop,12,Inspiron 15 7572,,8,5,2,42,"62,989.00",,1,2,5,August,2017
670,10326,f,21,S,O,1,Laptop,14,Precision 5520,,16,7,8,56,"2,00,000.00",,1,3,8,September,2018
671,10327,f,19,S,O,1,Laptop,111,Inspiron 15 3000,,4,3,0,40,"26,000.00",,1,3,8,August,2017
672,10328,f,23,S,O,1,Laptop,12,Inspiron 15 7572,,8,5,2,42,"62,989.00",,2,4,12,July,2017
673,10329,m,21,S,S,1,Laptop,13,XPS 9370,,8,5,4,52,"98,990.00",,2,4,12,September,2017
674,10330,m,17,S,S,2,Desktop,21,Inspiron 24 3000,,8,5,2,0,"41,690.00",,3,7,19,August,2017
675,10331,m,55,J,O,3,Gaming,31,Alienware 15,,16,7,8,68,"1,37,890.00",,3,6,18,September,2017
676,10332,f,44,J,O,2,Desktop,22,Inspiron 27 7000,,8,7,4,0,"97,290.00",,3,6,18,September,2017
677,10333,f,33,J,O,3,Gaming,31,Alienware 15,,16,7,8,68,"1,37,890.00",,3,6,18,October,2017
678,10334,m,77,N,S,2,Desktop,21,Inspiron 24 3000,,8,5,2,0,"41,690.00",,2,5,13,July,2018
679,10335,f,31,J,O,1,Laptop,12,Inspiron 15 7572,,8,5,2,42,"62,989.00",,2,5,13,October,2017
680,10336,m,50,J,O,2,Desktop,22,Inspiron 27 7000,,8,7,4,0,"97,290.00",,2,5,14,July,2018
681,10337,f,30,J,O,1,Laptop,11,Inspiron 15 3000,,4,3,0,40,"34,089.00",,2,4,11,October,2017
682,10338,m,21,S,O,3,Gaming,31,Alienware 15,,16,7,8,68,"1,37,890.00",,3,8,24,August,2015
683,10339,m,15,S,O,3,Gaming,31,Alienware 15,,16,7,8,68,"1,37,890.00",,3,7,19,August,2015
684,10340,f,20,S,O,1,Laptop,11,Inspiron 15 3000,,4,3,0,40,"34,089.00",,3,6,18,August,2015
685,10341,f,60,J,O,1,Laptop,11,Inspiron 15 3000,,4,3,0,40,"34,089.00",,2,5,15,October,2015
686,10342,m,31,J,S,1,Laptop,14,Precision 5520,,16,7,8,56,"2,00,000.00",,2,4,11,November,2015
687,10343,f,42,J,S,1,Laptop,11,Inspiron 15 3000,,4,3,0,40,"34,089.00",,1,3,8,November,2015
688,10344,m,49,J,O,1,Laptop,11,Inspiron 15 3000,,4,3,0,40,"34,089.00",,1,2,6,October,2015
689,10345,f,40,J,O,2,Desktop,21,Inspiron 24 3000,,8,5,2,0,"41,690.00",,3,7,19,December,2015
690,10346,m,42,J,O,1,Laptop,13,XPS 9370,,8,5,4,52,"98,990.00",,1,1,1,August,2015
691,10347,f,31,J,O,1,Laptop,11,Inspiron 15 3000,,4,3,0,40,"34,089.00",,1,2,5,December,2015
692,10348,m,19,S,O,1,Laptop,11,Inspiron 15 3000,,4,3,0,40,"34,089.00",,1,1,1,October,2014
693,10349,f,30,J,O,3,Gaming,31,Alienware 15,,16,7,8,68,"1,37,890.00",,3,8,22,November,2014
694,10350,f,39,J,S,1,Laptop,11,Inspiron 15 3000,,4,3,0,40,"34,089.00",,3,7,19,November,2014
695,10351,f,38,J,S,2,Desktop,22,Inspiron 27 7000,,,,,,"97,290.00",,3,6,17,October,2014
696,10352,m,45,J,O,1,Laptop,14,Precision 5520,,16,7,8,56,"2,00,000.00",,1,2,4,August,2018
697,10353,m,67,J,S,0,Laptop,12,XPS 9369,,8,5,2,42,"98,989.00",,1,3,8,August,2018
698,10354,m,31,J,O,1,Laptop,13,XPS 9370,,8,5,4,52,"98,990.00",,2,4,10,October,2014
699,10355,m,29,J,O,1,Laptop,14,Precision 5520,,16,7,8,56,"2,00,000.00",,2,5,15,November,2014
700,10356,f,75,N,S,1,Laptop,11,Inspiron 15 3000,,4,3,0,40,"34,089.00",,1,1,1,December,2014
701,10357,f,16,S,O,1,Laptop,12,Inspiron 15 7572,,8,5,2,42,"62,989.00",,1,2,4,August,2017
702,10358,m,15,S,O,1,Laptop,13,XPS 9370,,8,5,4,52,"98,990.00",,1,3,8,July,2017
703,10359,f,21,S,O,1,Laptop,111,Inspiron 15 3000,,4,3,0,40,"26,000.00",,2,5,15,September,2017
704,10360,m,23,S,O,1,Laptop,14,Precision 5520,,16,7,8,56,"2,00,000.00",,2,4,10,September,2017
705,10361,f,20,S,S,1,Laptop,12,Inspiron 15 7572,,8,5,2,42,"62,989.00",,1,1,1,July,2017
706,10362,m,19,S,S,1,Laptop,12,Inspiron 15 7572,,8,5,2,42,"62,989.00",,2,5,14,August,2017
707,10363,f,14,S,O,2,Desktop,22,Inspiron 27 7000,,8,7,4,0,"97,290.00",,3,6,17,August,2017
708,10364,m,18,S,O,2,Desktop,21,Inspiron 24 3000,,8,5,2,0,"41,690.00",,3,7,20,September,2017
709,10365,f,24,S,O,3,Gaming,31,Alienware 15,,16,7,8,68,"1,37,890.00",,3,8,22,September,2017
710,10366,f,19,S,O,3,Gaming,31,Alienware 15,,16,7,8,68,"1,37,890.00",,3,8,22,July,2018
711,10367,m,18,S,O,2,Desktop,21,Inspiron 24 3000,,8,5,2,0,"41,690.00",,3,7,21,August,2018
712,10368,f,21,S,O,1,Laptop,12,Inspiron 15 7572,,8,5,2,42,"62,989.00",,2,5,14,August,2018
713,10369,m,23,S,O,1,Laptop,12,Inspiron 15 7572,,8,5,2,42,"62,989.00",,1,2,4,September,2018
714,10370,f,20,S,S,1,Laptop,13,XPS 9370,,8,5,4,52,"98,990.00",,1,1,2,September,2018
715,10371,f,19,S,O,2,Desktop,21,Inspiron 24 3000,,8,5,2,0,"41,690.00",,3,7,20,September,2016
716,10372,m,20,S,O,3,Gaming,31,Alienware 15,,16,7,8,68,"1,37,890.00",,3,8,22,September,2016
717,10373,f,21,S,O,3,Gaming,31,Alienware 15,,16,7,8,68,"1,37,890.00",,3,8,22,July,2016
718,10374,m,23,S,O,2,Desktop,21,Inspiron 24 3000,,8,5,2,0,"41,690.00",,3,7,21,August,2016
719,10375,f,17,S,O,1,Laptop,12,Inspiron 15 7572,,8,5,2,42,"62,989.00",,2,5,14,August,2016
720,10376,m,16,S,S,1,Laptop,12,Inspiron 15 7572,,8,5,2,42,"62,989.00",,1,2,4,September,2016
721,10377,f,45,B,S,4,Server,41,PowerEdge R230,,,,,,"82,900.00",,1,1,3,April,2016
722,10378,m,56,B,S,4,Server,41,PowerEdge R230,,,,,,"82,900.00",,2,5,13,May,2016
723,10379,m,51,B,S,4,Server,42,PowerVault RD1000,,,,,,"74,130.00",,3,7,20,June,2016
724,10380,f,32,B,S,4,Server,42,PowerVault RD1000,,,,,,"74,130.00",,3,8,23,April,2016
725,10301,f,28,J,O,3,Gaming,31,Alienware 15,,16,7,8,68,"1,37,890.00",,1,1,3,November,2015
726,10302,m,20,S,O,1,Laptop,11,Inspiron 15 3000,,4,3,0,40,"34,089.00",,1,1,2,September,2015
727,10303,f,31,J,O,3,Gaming,31,Alienware 15,,16,7,8,68,"1,37,890.00",,1,2,5,November,2015
728,10304,m,17,S,O,1,Laptop,11,Inspiron 15 3000,,4,3,0,40,"34,089.00",,1,2,5,September,2015
729,10305,m,18,S,S,3,Gaming,31,Alienware 15,,16,7,8,68,"1,37,890.00",,1,3,7,July,2015
730,10306,m,77,N,S,1,Laptop,11,Inspiron 15 3000,,4,3,0,40,"34,089.00",,3,8,23,July,2015
731,10307,f,13,S,S,1,Laptop,13,XPS 9370,,8,5,4,52,"98,990.00",,3,8,23,September,2015
732,10308,f,15,S,O,1,Laptop,11,Inspiron 15 3000,,4,3,0,40,"34,089.00",,1,3,8,September,2015
733,10309,m,17,S,O,3,Gaming,31,Alienware 15,,16,7,8,68,"1,37,890.00",,2,4,12,September,2015
734,10310,m,20,S,O,1,Laptop,11,Inspiron 15 3000,,4,3,0,40,"34,089.00",,2,4,12,November,2015
735,10311,f,25,J,O,2,Desktop,21,Inspiron 24 3000,,8,5,2,0,"41,690.00",,2,5,13,October,2015
736,10312,f,26,J,O,1,Laptop,13,XPS 9370,,8,5,4,52,"98,990.00",,2,5,13,September,2015
737,10313,f,40,J,S,1,Laptop,11,Inspiron 15 3000,,4,3,0,40,"34,089.00",,3,7,20,November,2015
738,10314,m,39,J,S,1,Laptop,13,XPS 9370,,8,5,4,52,"98,990.00",,3,7,21,November,2015
739,10315,f,36,J,S,3,Gaming,31,Alienware 15,,16,7,8,68,"1,37,890.00",,3,6,17,November,2015
740,10316,m,28,J,O,1,Laptop,11,Inspiron 15 3000,,4,3,0,40,"34,089.00",,3,6,16,October,2015
741,10317,f,34,J,O,2,Desktop,21,Inspiron 24 3000,,8,5,2,0,"41,690.00",,3,8,24,September,2015
742,10381,m,29,J,O,1,Laptop,13,XPS 9370,,8,5,4,52,"98,990.00",,1,1,3,October,2015
743,10382,f,62,N,O,2,Desktop,21,Inspiron 24 3000,,8,5,2,0,"41,690.00",,1,2,4,December,2015
744,10383,m,42,J,O,1,Laptop,14,Precision 5520,,16,7,8,56,"2,00,000.00",,1,3,9,December,2015
745,10384,m,21,S,O,1,Laptop,11,Inspiron 15 3000,,4,3,0,40,"34,089.00",,2,4,12,July,2015
746,10385,f,19,S,O,1,Laptop,11,Inspiron 15 3000,,4,3,0,40,"34,089.00",,2,5,15,August,2015
747,10386,f,78,N,S,2,Desktop,21,Inspiron 24 3000,,8,5,2,0,"41,690.00",,3,7,21,August,2015
748,10387,f,18,S,S,1,Laptop,11,Inspiron 15 3000,,4,3,0,40,"34,089.00",,3,6,16,September,2015
749,10388,f,38,J,O,1,Laptop,13,XPS 9370,,8,5,4,52,"98,990.00",,1,1,2,November,2015
750,10389,m,70,N,S,2,Desktop,22,Inspiron 27 7000,,8,7,4,0,"97,290.00",,1,2,4,December,2015
751,10390,f,17,S,O,3,Gaming,31,Alienware 14,,,,,,"1,37,890.00",,1,3,9,July,2015
752,10391,m,19,S,O,1,Laptop,11,Inspiron 15 3000,,4,3,0,40,"34,089.00",,2,4,12,August,2015
753,10392,m,65,N,O,1,Laptop,11,Inspiron 15 3000,,4,3,0,40,"34,089.00",,2,5,14,September,2015
754,10393,f,21,J,O,3,Gaming,31,Alienware 14,,16,7,8,68,"1,37,890.00",,3,6,16,October,2015
755,10394,f,52,B,S,2,Desktop,21,Inspiron 24 3000,,8,5,2,0,"41,690.00",,3,7,21,May,2015
756,10395,m,40,B,S,4,Server,41,PowerEdge R230,,,,,,"82,900.00",,3,8,24,June,2015
757,10318,f,62,N,S,1,Laptop,11,Inspiron 15 3000,,4,3,0,40,"34,089.00",,3,8,24,July,2014
758,10319,f,51,J,O,1,Laptop,11,Inspiron 15 3000,,4,3,0,40,"34,089.00",,1,1,1,September,2014
759,10320,m,35,J,O,3,Gaming,31,Alienware 15,,16,7,8,68,"1,37,890.00",,3,8,24,November,2014
763,10324,f,19,S,O,1,Laptop,11,Inspiron 15 3000,,4,3,0,40,"34,089.00",,1,2,4,November,2014
764,10325,m,15,S,O,1,Laptop,11,Inspiron 15 3000,,4,3,0,40,"34,089.00",,1,2,5,August,2014
765,10326,f,18,S,O,1,Laptop,14,Precision 5520,,16,7,8,56,"2,00,000.00",,1,3,9,September,2014
766,10327,f,16,S,O,1,Laptop,11,Inspiron 15 3000,,4,3,0,40,"34,089.00",,1,3,9,August,2014
767,10328,f,20,S,O,1,Laptop,11,Inspiron 15 3000,,4,3,0,40,"34,089.00",,2,4,12,July,2014
768,10329,m,18,S,S,1,Laptop,13,XPS 9370,,8,5,4,52,"98,990.00",,2,4,10,September,2014
769,10330,m,14,S,S,3,Gaming,31,Alienware 14,,16,7,8,68,"1,37,890.00",,3,7,20,August,2014
770,10331,m,52,J,O,2,Desktop,22,Inspiron 27 7000,,8,7,4,0,"97,290.00",,3,6,16,September,2014
772,10333,f,30,J,O,3,Gaming,31,Alienware 15,,16,7,8,68,"1,37,890.00",,3,6,16,October,2014
774,10335,f,28,J,O,1,Laptop,11,Inspiron 15 3000,,4,3,0,40,"34,089.00",,2,5,13,October,2014
775,10336,m,47,J,O,1,Laptop,13,XPS 9370,,8,5,4,52,"98,990.00",,2,5,13,July,2014
776,10337,f,27,J,O,1,Laptop,11,Inspiron 15 3000,,4,3,0,40,"34,089.00",,2,4,11,October,2014
777,10388,m,29,B,S,2,Desktop,22,Inspiron 27 7000,,8,7,4,0,"97,290.00",,1,2,6,April,2014
778,10389,m,34,B,S,4,Server,41,PowerEdge R230,,,,,,"82,900.00",,1,3,8,May,2014
779,10390,f,60,B,O,4,Server,42,PowerVault RD1000,,,,,,"74,130.00",,3,7,19,June,2014
780,10391,m,51,B,S,5,Server,43,PowerVault RD1001,,,,,,"74,131.00",,3,8,23,April,2014
781,10392,f,38,J,O,1,Laptop,13,XPS 9370,,8,5,4,52,"98,990.00",,1,1,1,November,2014
782,10393,m,70,N,S,2,Desktop,22,Inspiron 27 7000,,8,7,4,0,"97,290.00",,1,2,5,December,2014
783,10394,f,17,S,O,3,Gaming,31,Alienware 14,,16,7,8,68,"1,37,890.00",,1,3,8,April,2014
784,10395,m,19,S,O,1,Laptop,11,Inspiron 15 3000,,4,3,0,40,"34,089.00",,2,4,11,May,2014
786,10397,f,21,J,O,3,Gaming,31,Alienware 14,,16,7,8,68,"1,37,890.00",,3,6,16,October,2014
787,10398,f,52,B,S,2,Desktop,21,Inspiron 24 3000,,8,5,2,0,"41,690.00",,3,7,19,May,2014
788,10399,m,40,B,S,4,Server,41,PowerEdge R230,,,,,,"82,900.00",,3,8,23,June,2014
789,10371,f,16,S,O,1,Laptop,11,Inspiron 15 3000,,4,3,0,40,"34,089.00",,3,7,19,May,2013
790,10372,m,17,S,O,2,Desktop,21,Inspiron 24 3000,,8,5,2,0,"41,690.00",,3,8,23,September,2013
793,10375,f,14,S,O,1,Laptop,11,Inspiron 15 3000,,4,3,0,40,"34,089.00",,2,5,13,August,2013
794,10376,m,13,S,S,1,Laptop,11,Inspiron 15 3000,,4,3,0,40,"34,089.00",,1,2,4,September,2013
795,10377,f,42,B,S,4,Server,41,PowerEdge R230,,,,,,"82,900.00",,1,1,1,April,2013
796,10378,m,53,B,S,4,Server,41,PowerEdge R230,,,,,,"82,900.00",,2,5,15,May,2013
797,10379,m,48,B,S,4,Server,42,PowerVault RD1000,,,,,,"74,130.00",,3,7,19,June,2013
798,10380,f,29,J,S,4,Server,42,PowerVault RD1000,,,,,,"74,130.00",,3,8,22,April,2013
799,10400,f,24,J,O,3,Gaming,31,Alienware 15,,16,7,8,68,"1,37,890.00",,1,1,2,January,2013
800,10401,m,17,S,O,3,Gaming,31,Alienware 15,,16,7,8,68,"1,37,890.00",,1,1,3,July,2013
801,10402,f,18,S,O,2,Desktop,21,Inspiron 24 3000,,8,5,2,0,"41,690.00",,1,2,4,August,2013
802,10403,m,21,S,O,1,Laptop,11,Inspiron 15 3000,,4,3,0,40,"34,089.00",,1,2,5,September,2013
803,10404,m,71,N,S,2,Desktop,21,Inspiron 24 3000,,8,5,2,0,"41,690.00",,1,3,8,February,2013
804,10405,m,32,J,S,1,Laptop,13,XPS 9370,,8,5,4,52,"98,990.00",,1,3,7,March,2013
805,10406,f,75,N,S,2,Desktop,21,Inspiron 24 3000,,8,5,2,0,"41,690.00",,1,3,7,November,2013
806,10407,f,76,N,S,2,Desktop,21,Inspiron 24 3000,,8,5,2,0,"41,690.00",,2,4,10,December,2013
807,10408,f,56,J,O,1,Laptop,13,XPS 9370,,8,5,4,52,"98,990.00",,2,4,10,October,2013
808,10409,m,45,J,O,1,Laptop,13,XPS 9370,,8,5,4,52,"98,990.00",,2,4,10,October,2013
809,10410,m,31,B,S,4,Server,42,PowerVault RD1000,,,,,,"74,130.00",,2,5,14,April,2013
810,10411,m,45,B,S,2,Desktop,22,Inspiron 27 7000,,8,7,4,0,"97,290.00",,3,6,18,April,2013
811,10412,f,67,B,S,2,Desktop,21,Inspiron 24 3000,,8,5,2,0,"41,690.00",,3,6,17,May,2013
812,10413,f,56,B,S,4,Server,42,PowerVault RD1000,,,,,,"74,130.00",,3,6,18,June,2013
813,10414,f,38,J,O,1,Laptop,13,XPS 9370,,8,5,4,52,"98,990.00",,1,1,1,November,2013
814,10415,m,70,N,S,2,Desktop,22,Inspiron 27 7000,,8,7,4,0,"97,290.00",,1,2,4,December,2013
815,10416,f,17,S,O,3,Gaming,31,Alienware 14,,,,,,"1,37,890.00",,1,3,7,July,2013
816,10417,m,19,S,O,1,Laptop,11,Inspiron 15 3000,,4,3,0,40,"34,089.00",,2,4,10,August,2013
817,10418,m,65,N,O,1,Laptop,11,Inspiron 15 3000,,4,3,0,40,"34,089.00",,2,5,14,September,2013
818,10419,f,21,J,O,3,Gaming,31,Alienware 14,,16,7,8,68,"1,37,890.00",,3,6,17,October,2013
819,10420,f,52,B,S,2,Desktop,21,Inspiron 24 3000,,8,5,2,0,"41,690.00",,3,7,19,May,2013
820,10421,m,40,B,S,4,Server,41,PowerEdge R230,,,,,,"82,900.00",,3,8,22,June,2013
821,10400,f,27,J,O,1,Laptop,13,XPS 9370,,8,5,4,52,"98,990.00",,1,1,1,January,2016
822,10401,m,20,S,O,1,Laptop,13,XPS 9370,,8,5,4,52,"98,990.00",,1,1,2,July,2017
823,10402,f,21,S,O,1,Laptop,12,Inspiron 15 7572,,8,5,2,42,"62,989.00",,1,2,5,August,2016
824,10403,m,24,S,O,1,Laptop,111,Inspiron 15 3000,,4,3,0,40,"26,000.00",,1,2,4,September,2016
825,10404,m,74,N,S,1,Laptop,12,Inspiron 15 7572,,8,5,2,42,"62,989.00",,1,3,7,February,2017
826,10405,m,35,J,S,1,Laptop,14,Precision 5520,,16,7,8,56,"2,00,000.00",,1,3,7,March,2016
827,10406,f,78,N,S,1,Laptop,12,Inspiron 15 7572,,8,5,2,42,"62,989.00",,1,3,8,November,2016
828,10407,f,79,N,S,1,Laptop,111,Inspiron 15 3000,,4,3,0,40,"26,000.00",,2,4,12,December,2016
829,10408,f,59,J,O,1,Laptop,14,Precision 5520,,16,7,8,56,"2,00,000.00",,2,4,12,October,2016
830,10409,m,48,J,O,1,Laptop,14,Precision 5520,,16,7,8,56,"2,00,000.00",,2,4,11,October,2016
831,10410,m,34,B,S,4,Server,42,PowerVault RD1000,,,,,,"74,130.00",,2,5,15,April,2017
832,10411,m,48,B,S,2,Desktop,22,Inspiron 27 7000,,8,7,4,0,"97,290.00",,3,6,17,April,2016
833,10412,f,70,B,S,4,Server,41,PowerEdge R230,,,,,,"82,900.00",,3,6,16,May,2016
834,10413,f,59,B,S,4,Server,42,PowerVault RD1000,,,,,,"74,130.00",,3,6,16,June,2016
835,10414,f,41,J,O,1,Laptop,13,XPS 9370,,8,5,4,52,"98,990.00",,1,1,1,November,2017
836,10415,m,73,N,S,4,Server,41,PowerEdge R230,,,,,,"82,900.00",,1,2,6,December,2016
837,10416,f,20,S,O,3,Gaming,31,Alienware 14,,16,7,8,68,"1,37,890.00",,1,3,8,July,2016
838,10417,m,22,S,O,1,Laptop,12,Inspiron 15 7572,,8,5,2,42,"62,989.00",,2,4,11,August,2016
839,10418,m,68,N,O,1,Laptop,12,Inspiron 15 7572,,8,5,2,42,"62,989.00",,2,5,15,September,2017
840,10419,f,24,J,O,3,Gaming,31,Alienware 14,,16,7,8,68,"1,37,890.00",,3,6,16,October,2016
841,10420,f,55,B,S,2,Desktop,22,Inspiron 27 7000,,8,7,4,0,"97,290.00",,3,7,19,May,2016
842,10421,m,43,B,S,4,Server,41,PowerEdge R230,,,,,,"82,900.00",,3,8,22,June,2016
843,10422,f,34,J,O,1,Laptop,12,Inspiron 15 7572,,8,5,2,42,"62,989.00",,1,1,1,November,2018
844,10423,m,32,J,O,1,Laptop,13,XPS 9370,,8,5,4,52,"98,990.00",,1,1,1,November,2016
845,10424,m,54,J,O,3,Gaming,31,Alienware 15,,16,7,8,68,"1,37,890.00",,1,1,2,November,2018
846,10425,m,39,J,O,2,Desktop,22,Inspiron 27 7000,,8,7,4,0,"97,290.00",,1,1,2,November,2016
847,10426,m,76,N,S,2,Desktop,21,Inspiron 24 3000,,8,5,2,0,"41,690.00",,1,1,1,November,2016
848,10427,f,75,N,S,1,Laptop,12,Inspiron 15 7572,,8,5,2,42,"62,989.00",,1,1,3,October,2016
849,10428,f,61,N,S,2,Desktop,21,Inspiron 24 3000,,8,5,2,0,"41,690.00",,1,1,2,October,2017
850,10429,f,46,J,S,1,Laptop,13,XPS 9370,,8,5,4,52,"98,990.00",,1,2,5,October,2016
851,10430,m,45,J,S,1,Laptop,14,Precision 5520,,16,7,8,56,"2,00,000.00",,1,2,4,October,2016
852,10431,f,24,J,S,1,Laptop,12,Inspiron 15 7572,,8,5,2,42,"62,989.00",,1,2,4,October,2016
853,10432,m,67,N,O,1,Laptop,111,Inspiron 15 3000,,4,3,0,40,"26,000.00",,1,2,4,October,2017
854,10433,f,65,N,O,1,Laptop,12,Inspiron 15 7572,,8,5,2,42,"62,989.00",,1,2,4,October,2016
855,10434,m,67,N,O,2,Desktop,21,Inspiron 24 3000,,8,5,2,0,"41,690.00",,1,2,6,December,2016
856,10435,m,66,N,O,1,Laptop,14,Precision 5520,,16,7,8,56,"2,00,000.00",,1,2,5,December,2016
857,10436,m,54,J,O,1,Laptop,13,XPS 9370,,8,5,4,52,"98,990.00",,1,3,8,December,2017
858,10437,f,32,J,O,1,Laptop,12,Inspiron 15 7572,,8,5,2,42,"62,989.00",,1,3,8,December,2016
859,10438,m,17,S,O,3,Gaming,31,Alienware 15,,16,7,8,68,"1,37,890.00",,1,3,9,December,2016
860,10439,f,18,S,O,3,Gaming,31,Alienware 15,,16,7,8,68,"1,37,890.00",,1,3,9,December,2016
861,10440,m,19,S,O,1,Laptop,111,Inspiron 15 3000,,4,3,0,40,"26,000.00",,1,3,9,August,2018
862,10441,m,20,S,S,1,Laptop,111,Inspiron 15 3000,,4,3,0,40,"26,000.00",,1,3,7,August,2016
863,10442,m,21,S,S,1,Laptop,111,Inspiron 15 3000,,4,3,0,40,"26,000.00",,2,4,10,August,2016
864,10443,f,16,S,O,3,Gaming,31,Alienware 15,,16,7,8,68,"1,37,890.00",,2,4,10,August,2018
865,10444,f,23,S,O,1,Laptop,12,Inspiron 15 7572,,8,5,2,42,"62,989.00",,2,4,10,August,2016
866,10445,f,22,S,O,2,Desktop,22,Inspiron 27 7000,,8,7,4,0,"97,290.00",,2,4,10,July,2016
867,10446,m,18,S,O,1,Laptop,12,Inspiron 15 7572,,8,5,2,42,"62,989.00",,2,4,10,July,2018
868,10447,m,14,S,O,3,Gaming,31,Alienware 15,,16,7,8,68,"1,37,890.00",,2,4,10,July,2016
869,10448,m,59,J,S,2,Desktop,21,Inspiron 24 3000,,8,5,2,0,"41,690.00",,2,5,14,July,2016
870,10449,f,55,J,S,2,Desktop,22,Inspiron 27 7000,,8,7,4,0,"97,290.00",,2,5,15,September,2017
871,10450,m,33,J,S,1,Laptop,14,Precision 5520,,16,7,8,56,"2,00,000.00",,2,5,14,September,2016
872,10451,f,44,J,O,1,Laptop,14,Precision 5520,,16,7,8,56,"2,00,000.00",,2,5,15,December,2017
873,10452,m,21,S,O,1,Laptop,12,Inspiron 15 7572,,8,5,2,42,"62,989.00",,2,5,13,September,2017
874,10453,f,23,S,O,1,Laptop,13,XPS 9370,,8,5,4,52,"98,990.00",,2,5,13,September,2016
875,10454,m,20,S,O,1,Laptop,12,Inspiron 15 7572,,8,5,2,42,"62,989.00",,2,5,13,March,2016
876,10455,f,18,S,O,3,Gaming,31,Alienware 15,,16,7,8,68,"1,37,890.00",,2,5,13,November,2018
877,10456,m,50,J,S,2,Desktop,21,Inspiron 24 3000,,8,5,2,0,"41,690.00",,2,5,13,November,2017
878,10457,m,51,J,S,2,Desktop,22,Inspiron 27 7000,,8,7,4,0,"97,290.00",,3,6,16,September,2016
879,10458,m,54,J,S,4,Server,42,PowerVault RD1000,,,,,,"74,130.00",,3,6,16,September,2016
880,10459,f,60,B,S,4,Server,42,PowerVault RD1000,,,,,,"74,130.00",,3,6,17,April,2018
881,10460,m,32,B,S,4,Server,42,PowerVault RD1000,,,,,,"74,130.00",,3,6,17,April,2016
882,10461,f,45,J,O,2,Desktop,21,Inspiron 24 3000,,8,5,2,0,"41,690.00",,3,6,18,August,2016
883,10462,m,67,B,S,2,Desktop,21,Inspiron 24 3000,,8,5,2,0,"41,690.00",,3,6,18,April,2018
884,10463,f,54,B,S,2,Desktop,21,Inspiron 24 3000,,8,5,2,0,"41,690.00",,3,7,19,May,2016
885,10464,f,32,B,O,2,Desktop,22,Inspiron 27 7000,,8,7,4,0,"97,290.00",,3,7,19,May,2016
886,10465,f,62,B,O,4,Server,41,PowerEdge R230,,,,,,"82,900.00",,3,7,19,May,2018
887,10466,m,31,B,S,4,Server,41,PowerEdge R230,,,,,,"82,900.00",,3,7,20,May,2016
888,10467,m,23,B,S,2,Desktop,22,Inspiron 27 7000,,8,7,4,0,"97,290.00",,3,7,20,May,2018
889,10468,m,18,S,S,1,Laptop,12,Inspiron 15 7572,,8,5,2,42,"62,989.00",,3,7,20,May,2016
890,10469,m,20,S,S,3,Gaming,31,Alienware 15,,16,7,8,68,"1,37,890.00",,3,7,21,May,2016
891,10470,f,21,S,S,3,Gaming,31,Alienware 15,,16,7,8,68,"1,37,890.00",,3,7,21,August,2017
892,10471,m,23,S,S,1,Laptop,12,Inspiron 15 7572,,8,5,2,42,"62,989.00",,3,8,22,June,2016
893,10472,f,21,S,S,4,Server,41,PowerEdge R230,,,,,,"82,900.00",,3,8,22,June,2016
894,10473,m,22,S,S,1,Laptop,12,Inspiron 15 7572,,8,5,2,42,"62,989.00",,3,8,23,August,2017
895,10474,f,20,S,O,3,Gaming,31,Alienware 15,,16,7,8,68,"1,37,890.00",,3,8,23,June,2016
896,10475,m,31,J,O,3,Gaming,31,Alienware 15,,16,7,8,68,"1,37,890.00",,3,8,24,June,2016
897,10476,m,17,S,S,3,Gaming,31,Alienware 15,,,,,,"1,37,890.00",,3,8,24,September,2017
898,10477,m,44,J,S,2,Desktop,22,Inspiron 27 7000,,8,7,4,0,"97,290.00",,3,8,24,November,2017
899,10478,f,78,B,S,4,Server,41,PowerEdge R230,,,,,,"82,900.00",,3,8,22,November,2017
900,10479,f,65,B,O,2,Desktop,21,Inspiron 24 3000,,8,5,2,0,"41,690.00",,3,8,23,October,2016
901,10388,m,32,B,S,4,Server,41,PowerEdge R230,,,,,,"82,900.00",,1,2,4,April,2017
902,10389,m,37,B,S,4,Server,42,PowerVault RD1000,,,,,,"74,130.00",,1,3,7,May,2017
903,10390,f,63,B,O,2,Desktop,21,Inspiron 24 3000,,8,5,2,0,"41,690.00",,3,7,21,June,2017
904,10391,m,54,B,S,4,Server,42,PowerVault RD1000,,,,,,"74,130.00",,3,8,23,April,2017
905,10392,f,41,J,O,1,Laptop,14,Precision 5520,,16,7,8,56,"2,00,000.00",,1,1,1,November,2017
906,10393,m,73,N,S,1,Laptop,12,Inspiron 15 7572,,8,5,2,42,"62,989.00",,1,2,4,December,2017
907,10394,f,20,S,O,1,Laptop,14,Precision 5520,,16,7,8,56,"2,00,000.00",,1,3,7,July,2017
908,10395,m,22,S,O,1,Laptop,12,Inspiron 15 7572,,8,5,2,42,"62,989.00",,2,4,10,August,2017
909,10396,m,#REF!,N,O,1,Laptop,12,Inspiron 15 7572,,8,5,2,42,"62,989.00",,2,5,13,September,2017
910,10397,f,24,J,O,1,Laptop,14,Precision 5520,,16,7,8,56,"2,00,000.00",,3,6,18,October,2017
911,10398,f,55,B,S,4,Server,41,PowerEdge R230,,,,,,"82,900.00",,3,7,21,May,2017
912,10399,m,43,B,S,4,Server,42,PowerVault RD1000,,,,,,"74,130.00",,3,8,23,June,2017
913,10480,f,34,J,O,1,Laptop,12,Inspiron 15 7572,,8,5,2,42,"62,989.00",,1,1,1,March,2017
914,10481,f,65,N,S,1,Laptop,111,Inspiron 15 3000,,4,3,0,40,"26,000.00",,1,1,2,February,2017
915,10482,f,67,N,S,2,Desktop,21,Inspiron 24 3000,,8,5,2,0,"41,690.00",,1,1,3,October,2017
916,10483,m,60,N,S,2,Desktop,22,Inspiron 27 7000,,8,7,4,0,"97,290.00",,1,1,1,October,2017
917,10484,m,23,J,S,1,Laptop,111,Inspiron 15 3000,,4,3,0,40,"26,000.00",,1,2,4,December,2017
918,10485,m,43,J,S,1,Laptop,14,Precision 5520,,16,7,8,56,"2,00,000.00",,1,2,5,December,2017
919,10486,f,32,J,O,1,Laptop,14,Precision 5520,,16,7,8,56,"2,00,000.00",,1,2,6,December,2017
920,10487,m,77,N,O,1,Laptop,111,Inspiron 15 3000,,4,3,0,40,"26,000.00",,1,3,8,November,2017
921,10488,f,75,N,S,2,Desktop,22,Inspiron 27 7000,,8,7,4,0,"97,290.00",,1,3,8,November,2017
922,10489,m,70,N,S,1,Laptop,111,Inspiron 15 3000,,4,3,0,40,"26,000.00",,1,3,9,November,2017
923,10490,f,43,J,S,2,Desktop,22,Inspiron 27 7000,,8,7,4,0,"97,290.00",,2,4,11,September,2017
924,10491,m,21,S,S,3,Gaming,31,Alienware 15,,16,7,8,68,"1,37,890.00",,2,4,12,September,2017
925,10492,f,50,B,O,2,Desktop,21,Inspiron 24 3000,,8,5,2,0,"41,690.00",,2,4,12,June,2017
926,10493,m,39,B,O,4,Server,42,PowerVault RD1000,,,,,,"74,130.00",,2,4,12,May,2017
927,10494,m,34,B,O,4,Server,41,PowerEdge R230,,,,,,"82,900.00",,2,5,13,April,2017
928,10495,m,22,S,O,1,Laptop,12,Inspiron 15 7572,,8,5,2,42,"62,989.00",,2,5,13,August,2017
929,10496,f,23,S,O,3,Gaming,31,Alienware 15,,16,7,8,68,"1,37,890.00",,2,5,15,August,2017
930,10497,f,19,S,O,1,Laptop,12,Inspiron 15 7572,,8,5,2,42,"62,989.00",,2,5,14,August,2017
931,10498,f,54,J,S,1,Laptop,13,XPS 9370,,8,5,4,52,"98,990.00",,3,6,18,July,2017
932,10499,m,29,J,S,1,Laptop,13,XPS 9370,,8,5,4,52,"98,990.00",,3,6,17,April,2017
933,10500,m,30,J,S,1,Laptop,13,XPS 9370,,8,5,4,52,"98,990.00",,3,6,17,April,2017
934,10501,m,20,S,S,3,Gaming,31,Alienware 15,,16,7,8,68,"1,37,890.00",,3,6,17,July,2017
935,10502,f,34,B,O,4,Server,42,PowerVault RD1000,,,,,,"74,130.00",,3,7,20,May,2017
936,10503,m,56,B,S,4,Server,41,PowerEdge R230,,,,,,"82,900.00",,3,7,20,May,2017
937,10504,f,54,B,S,2,Desktop,21,Inspiron 24 3000,,8,5,2,0,"41,690.00",,3,7,20,June,2017
938,10505,m,71,B,S,4,Server,42,PowerVault RD1000,,,,,,"74,130.00",,3,8,22,July,2017
939,10506,f,65,B,O,4,Server,41,PowerEdge R230,,,,,,"82,900.00",,3,8,22,June,2017
940,10507,m,29,B,S,4,Server,42,PowerVault RD1000,,,,,,"74,130.00",,3,8,22,January,2017
941,10381,m,32,J,O,1,Laptop,14,Precision 5520,,16,7,8,56,"2,00,000.00",,1,1,1,October,2018
942,10382,f,65,N,O,1,Laptop,12,Inspiron 15 7572,,8,5,2,42,"62,989.00",,1,2,6,December,2018
943,10383,m,45,B,O,4,Server,42,PowerVault RD1000,,,,,,"74,130.00",,1,3,9,December,2018
944,10384,m,24,S,O,1,Laptop,12,Inspiron 15 7572,,8,5,2,42,"62,989.00",,2,4,11,July,2018
945,10385,f,22,S,O,1,Laptop,12,Inspiron 15 7572,,8,5,2,42,"62,989.00",,2,5,13,August,2018
946,10386,f,81,N,S,1,Laptop,12,Inspiron 15 7572,,8,5,2,42,"62,989.00",,3,7,19,August,2018
947,10387,f,21,S,S,1,Laptop,14,Precision 5520,,16,7,8,56,"2,00,000.00",,3,6,16,September,2018
948,10388,f,41,J,O,1,Laptop,14,Precision 5520,,16,7,8,56,"2,00,000.00",,1,1,2,November,2018
949,10389,m,73,N,S,1,Laptop,12,Inspiron 15 7572,,8,5,2,42,"62,989.00",,1,2,5,December,2018
950,10390,f,20,S,O,1,Laptop,13,XPS 9370,,8,5,4,52,"98,990.00",,1,3,8,July,2018
951,10391,m,22,S,O,1,Laptop,12,Inspiron 15 7572,,8,5,2,42,"62,989.00",,2,4,11,August,2018
952,10392,m,68,N,O,1,Laptop,12,Inspiron 15 7572,,8,5,2,42,"62,989.00",,2,5,15,September,2018
953,10393,f,24,J,O,1,Laptop,13,XPS 9370,,8,5,4,52,"98,990.00",,3,6,16,October,2018
954,10394,f,55,B,S,4,Server,42,PowerVault RD1000,,,,,,"74,130.00",,3,7,19,May,2018
955,10395,m,43,B,S,4,Server,41,PowerEdge R230,,,,,,"82,900.00",,3,8,22,June,2018
956,10508,f,15,S,O,1,Laptop,12,Inspiron 15 7572,,8,5,2,42,"62,989.00",,1,1,3,August,2018
957,10509,m,16,S,O,1,Laptop,111,Inspiron 15 3000,,4,3,0,40,"26,000.00",,1,1,3,September,2018
958,10510,f,17,S,O,3,Gaming,31,Alienware 15,,16,7,8,68,"1,37,890.00",,1,1,2,September,2018
959,10511,m,45,J,O,1,Laptop,14,Precision 5520,,16,7,8,56,"2,00,000.00",,1,2,4,August,2018
960,10512,f,43,J,O,1,Laptop,13,XPS 9370,,8,5,4,52,"98,990.00",,1,2,4,November,2018
961,10513,m,29,J,O,1,Laptop,12,Inspiron 15 7572,,8,5,2,42,"62,989.00",,1,2,4,October,2018
962,10514,m,65,N,S,2,Desktop,21,Inspiron 24 3000,,8,5,2,0,"41,690.00",,1,3,7,October,2018
963,10515,m,66,N,S,1,Laptop,111,Inspiron 15 3000,,4,3,0,40,"26,000.00",,1,3,7,October,2018
964,10516,f,78,N,O,2,Desktop,22,Inspiron 27 7000,,8,7,4,0,"97,290.00",,1,3,7,November,2018
965,10517,f,32,J,S,2,Desktop,22,Inspiron 27 7000,,8,7,4,0,"97,290.00",,2,4,10,November,2018
966,10518,f,56,B,S,2,Desktop,21,Inspiron 24 3000,,8,5,2,0,"41,690.00",,2,4,10,May,2018
967,10519,m,17,S,O,3,Gaming,31,Alienware 15,,16,7,8,68,"1,37,890.00",,2,4,10,July,2018
968,10520,m,31,B,S,2,Desktop,21,Inspiron 24 3000,,8,5,2,0,"41,690.00",,2,5,14,April,2018
969,10521,m,20,S,S,3,Gaming,31,Alienware 15,,16,7,8,68,"1,37,890.00",,2,5,14,October,2018
970,10522,f,38,J,S,1,Laptop,13,XPS 9370,,8,5,4,52,"98,990.00",,2,5,13,November,2018
971,10523,m,32,B,S,4,Server,42,PowerVault RD1000,,,,,,"74,130.00",,3,6,16,May,2018
972,10524,f,75,B,O,4,Server,41,PowerEdge R230,,,,,,"82,900.00",,3,6,16,May,2018
973,10525,m,60,B,O,4,Server,42,PowerVault RD1000,,,,,,"74,130.00",,3,6,16,April,2018
974,10526,f,54,B,O,4,Server,41,PowerEdge R230,,,,,,"82,900.00",,3,7,19,June,2018
975,10527,m,59,B,S,2,Desktop,22,Inspiron 27 7000,,8,7,4,0,"97,290.00",,3,7,19,June,2018
976,10528,m,55,N,S,1,Laptop,12,Inspiron 15 7572,,8,5,2,42,"62,989.00",,3,7,19,July,2018
977,10529,f,55,J,O,1,Laptop,14,Precision 5520,,16,7,8,56,"2,00,000.00",,3,8,22,July,2018
978,10530,f,21,S,S,1,Laptop,12,Inspiron 15 7572,,8,5,2,42,"62,989.00",,3,8,22,August,2018
979,10531,m,45,B,S,4,Server,42,PowerVault RD1000,,,,,,"74,130.00",,3,8,22,May,2018
980,10532,m,44,B,S,4,Server,41,PowerEdge R230,,,,,,"82,900.00",,3,8,22,May,2018
